image,label,prompt,response,final_pred,expert_clip,expert_meme,expert_nlp
img/08291.png,1,P_DEMOCRACY,1,1,0,1,0
img/08291.png,1,P_COT,1,1,0,1,0
img/08291.png,1,P_HEURISTIC,1,1,0,1,0
img/46971.png,1,P_DEMOCRACY,0,0,0,1,0
img/46971.png,1,P_COT,1,1,0,1,0
img/46971.png,1,P_HEURISTIC,0,0,0,1,0
img/03745.png,1,P_DEMOCRACY,1,1,1,1,0
img/03745.png,1,P_COT,1,1,1,1,0
img/03745.png,1,P_HEURISTIC,1,1,1,1,0
img/83745.png,1,P_DEMOCRACY,0,0,0,0,1
img/83745.png,1,P_COT,1,1,0,0,1
img/83745.png,1,P_HEURISTIC,1,1,0,0,1
img/80243.png,1,P_DEMOCRACY,0,0,0,1,0
img/80243.png,1,P_COT,1,1,0,1,0
img/80243.png,1,P_HEURISTIC,1,1,0,1,0
img/05279.png,1,P_DEMOCRACY,1,1,0,1,0
img/05279.png,1,P_COT,1,1,0,1,0
img/05279.png,1,P_HEURISTIC,1,1,0,1,0
img/01796.png,1,P_DEMOCRACY,0,0,1,1,0
img/01796.png,1,P_COT,0,0,1,1,0
img/01796.png,1,P_HEURISTIC,1,1,1,1,0
img/53046.png,1,P_DEMOCRACY,0,0,0,1,0
img/53046.png,1,P_COT,0,0,0,1,0
img/53046.png,1,P_HEURISTIC,0,0,0,1,0
img/82301.png,1,P_DEMOCRACY,0,0,0,1,0
img/82301.png,1,P_COT,0,0,0,1,0
img/82301.png,1,P_HEURISTIC,0,0,0,1,0
img/31752.png,1,P_DEMOCRACY,0,0,0,1,0
img/31752.png,1,P_COT,1,1,0,1,0
img/31752.png,1,P_HEURISTIC,1,1,0,1,0
img/27635.png,1,P_DEMOCRACY,1,1,1,1,1
img/27635.png,1,P_COT,1,1,1,1,1
img/27635.png,1,P_HEURISTIC,1,1,1,1,1
img/80597.png,1,P_DEMOCRACY,1,1,1,1,1
img/80597.png,1,P_COT,0,0,1,1,1
img/80597.png,1,P_HEURISTIC,1,1,1,1,1
img/45368.png,1,P_DEMOCRACY,1,1,1,0,0
img/45368.png,1,P_COT,1,1,1,0,0
img/45368.png,1,P_HEURISTIC,1,1,1,0,0
img/17963.png,1,P_DEMOCRACY,0,0,0,0,0
img/17963.png,1,P_COT,1,1,0,0,0
img/17963.png,1,P_HEURISTIC,0,0,0,0,0
img/53968.png,1,P_DEMOCRACY,0,0,0,1,0
img/53968.png,1,P_COT,0,0,0,1,0
img/53968.png,1,P_HEURISTIC,0,0,0,1,0
img/10749.png,1,P_DEMOCRACY,0,0,0,1,0
img/10749.png,1,P_COT,1,1,0,1,0
img/10749.png,1,P_HEURISTIC,1,1,0,1,0
img/25149.png,1,P_DEMOCRACY,1,1,1,1,0
img/25149.png,1,P_COT,0,0,1,1,0
img/25149.png,1,P_HEURISTIC,1,1,1,1,0
img/87520.png,1,P_DEMOCRACY,1,1,0,0,0
img/87520.png,1,P_COT,1,1,0,0,0
img/87520.png,1,P_HEURISTIC,1,1,0,0,0
img/89071.png,1,P_DEMOCRACY,1,1,1,1,1
img/89071.png,1,P_COT,0,0,1,1,1
img/89071.png,1,P_HEURISTIC,1,1,1,1,1
img/09563.png,1,P_DEMOCRACY,1,1,1,1,0
img/09563.png,1,P_COT,1,1,1,1,0
img/09563.png,1,P_HEURISTIC,1,1,1,1,0
img/72048.png,1,P_DEMOCRACY,0,0,0,1,0
img/72048.png,1,P_COT,1,1,0,1,0
img/72048.png,1,P_HEURISTIC,0,0,0,1,0
img/49826.png,1,P_DEMOCRACY,0,0,0,1,0
img/49826.png,1,P_COT,1,1,0,1,0
img/49826.png,1,P_HEURISTIC,1,1,0,1,0
img/26453.png,1,P_DEMOCRACY,1,1,1,1,0
img/26453.png,1,P_COT,1,1,1,1,0
img/26453.png,1,P_HEURISTIC,1,1,1,1,0
img/12650.png,1,P_DEMOCRACY,1,1,1,1,0
img/12650.png,1,P_COT,1,1,1,1,0
img/12650.png,1,P_HEURISTIC,1,1,1,1,0
img/02568.png,1,P_DEMOCRACY,0,0,0,0,0
img/02568.png,1,P_COT,1,1,0,0,0
img/02568.png,1,P_HEURISTIC,1,1,0,0,0
img/83954.png,1,P_DEMOCRACY,1,1,1,0,0
img/83954.png,1,P_COT,1,1,1,0,0
img/83954.png,1,P_HEURISTIC,1,1,1,0,0
img/24316.png,1,P_DEMOCRACY,1,1,1,1,0
img/24316.png,1,P_COT,1,1,1,1,0
img/24316.png,1,P_HEURISTIC,1,1,1,1,0
img/62035.png,1,P_DEMOCRACY,0,0,0,1,0
img/62035.png,1,P_COT,0,0,0,1,0
img/62035.png,1,P_HEURISTIC,0,0,0,1,0
img/65342.png,1,P_DEMOCRACY,1,1,1,1,0
img/65342.png,1,P_COT,0,0,1,1,0
img/65342.png,1,P_HEURISTIC,1,1,1,1,0
img/92058.png,1,P_DEMOCRACY,1,1,1,1,0
img/92058.png,1,P_COT,1,1,1,1,0
img/92058.png,1,P_HEURISTIC,1,1,1,1,0
img/58672.png,1,P_DEMOCRACY,1,1,1,1,1
img/58672.png,1,P_COT,0,0,1,1,1
img/58672.png,1,P_HEURISTIC,1,1,1,1,1
img/54069.png,1,P_DEMOCRACY,1,1,1,1,0
img/54069.png,1,P_COT,1,1,1,1,0
img/54069.png,1,P_HEURISTIC,1,1,1,1,0
img/91586.png,1,P_DEMOCRACY,0,0,0,1,0
img/91586.png,1,P_COT,1,1,0,1,0
img/91586.png,1,P_HEURISTIC,1,1,0,1,0
img/87130.png,1,P_DEMOCRACY,0,0,0,1,0
img/87130.png,1,P_COT,1,1,0,1,0
img/87130.png,1,P_HEURISTIC,0,0,0,1,0
img/95640.png,1,P_DEMOCRACY,0,0,0,1,0
img/95640.png,1,P_COT,1,1,0,1,0
img/95640.png,1,P_HEURISTIC,0,0,0,1,0
img/47819.png,1,P_DEMOCRACY,1,1,0,1,0
img/47819.png,1,P_COT,1,1,0,1,0
img/47819.png,1,P_HEURISTIC,1,1,0,1,0
img/59140.png,1,P_DEMOCRACY,1,1,1,1,0
img/59140.png,1,P_COT,1,1,1,1,0
img/59140.png,1,P_HEURISTIC,1,1,1,1,0
img/13647.png,1,P_DEMOCRACY,1,1,1,1,1
img/13647.png,1,P_COT,1,1,1,1,1
img/13647.png,1,P_HEURISTIC,1,1,1,1,1
img/65832.png,1,P_DEMOCRACY,0,0,0,1,0
img/65832.png,1,P_COT,0,0,0,1,0
img/65832.png,1,P_HEURISTIC,1,1,0,1,0
img/57621.png,1,P_DEMOCRACY,1,1,0,1,0
img/57621.png,1,P_COT,1,1,0,1,0
img/57621.png,1,P_HEURISTIC,1,1,0,1,0
img/40982.png,1,P_DEMOCRACY,0,0,0,1,0
img/40982.png,1,P_COT,0,0,0,1,0
img/40982.png,1,P_HEURISTIC,0,0,0,1,0
img/43275.png,1,P_DEMOCRACY,0,0,0,1,0
img/43275.png,1,P_COT,1,1,0,1,0
img/43275.png,1,P_HEURISTIC,1,1,0,1,0
img/12973.png,1,P_DEMOCRACY,0,0,0,1,0
img/12973.png,1,P_COT,0,0,0,1,0
img/12973.png,1,P_HEURISTIC,0,0,0,1,0
img/74350.png,1,P_DEMOCRACY,1,1,1,1,0
img/74350.png,1,P_COT,1,1,1,1,0
img/74350.png,1,P_HEURISTIC,1,1,1,1,0
img/02478.png,1,P_DEMOCRACY,1,1,1,1,1
img/02478.png,1,P_COT,0,0,1,1,1
img/02478.png,1,P_HEURISTIC,1,1,1,1,1
img/51607.png,1,P_DEMOCRACY,1,1,1,0,0
img/51607.png,1,P_COT,1,1,1,0,0
img/51607.png,1,P_HEURISTIC,1,1,1,0,0
img/65403.png,1,P_DEMOCRACY,0,0,0,0,0
img/65403.png,1,P_COT,0,0,0,0,0
img/65403.png,1,P_HEURISTIC,0,0,0,0,0
img/29750.png,1,P_DEMOCRACY,1,1,0,1,0
img/29750.png,1,P_COT,1,1,0,1,0
img/29750.png,1,P_HEURISTIC,1,1,0,1,0
img/26547.png,1,P_DEMOCRACY,0,0,0,1,0
img/26547.png,1,P_COT,1,1,0,1,0
img/26547.png,1,P_HEURISTIC,1,1,0,1,0
img/02143.png,1,P_DEMOCRACY,1,1,1,1,0
img/02143.png,1,P_COT,1,1,1,1,0
img/02143.png,1,P_HEURISTIC,1,1,1,1,0
img/68192.png,1,P_DEMOCRACY,0,0,1,1,0
img/68192.png,1,P_COT,1,1,1,1,0
img/68192.png,1,P_HEURISTIC,1,1,1,1,0
img/52603.png,1,P_DEMOCRACY,0,0,0,1,0
img/52603.png,1,P_COT,1,1,0,1,0
img/52603.png,1,P_HEURISTIC,1,1,0,1,0
img/05349.png,0,P_DEMOCRACY,0,0,1,1,1
img/05349.png,0,P_COT,0,0,1,1,1
img/05349.png,0,P_HEURISTIC,1,1,1,1,1
img/06491.png,1,P_DEMOCRACY,1,1,1,1,0
img/06491.png,1,P_COT,1,1,1,1,0
img/06491.png,1,P_HEURISTIC,1,1,1,1,0
img/74013.png,1,P_DEMOCRACY,0,0,1,1,0
img/74013.png,1,P_COT,0,0,1,1,0
img/74013.png,1,P_HEURISTIC,0,0,1,1,0
img/27485.png,1,P_DEMOCRACY,0,0,0,1,0
img/27485.png,1,P_COT,1,1,0,1,0
img/27485.png,1,P_HEURISTIC,1,1,0,1,0
img/13026.png,1,P_DEMOCRACY,1,1,1,1,1
img/13026.png,1,P_COT,1,1,1,1,1
img/13026.png,1,P_HEURISTIC,1,1,1,1,1
img/17265.png,0,P_DEMOCRACY,0,0,0,1,0
img/17265.png,0,P_COT,1,1,0,1,0
img/17265.png,0,P_HEURISTIC,1,1,0,1,0
img/91405.png,0,P_DEMOCRACY,1,1,1,0,0
img/91405.png,0,P_COT,1,1,1,0,0
img/91405.png,0,P_HEURISTIC,1,1,1,0,0
img/14026.png,1,P_DEMOCRACY,1,1,0,1,1
img/14026.png,1,P_COT,1,1,0,1,1
img/14026.png,1,P_HEURISTIC,1,1,0,1,1
img/18945.png,1,P_DEMOCRACY,0,0,0,1,0
img/18945.png,1,P_COT,1,1,0,1,0
img/18945.png,1,P_HEURISTIC,1,1,0,1,0
img/83920.png,1,P_DEMOCRACY,0,0,0,0,0
img/83920.png,1,P_COT,1,1,0,0,0
img/83920.png,1,P_HEURISTIC,1,1,0,0,0
img/83497.png,0,P_DEMOCRACY,1,1,1,1,0
img/83497.png,0,P_COT,1,1,1,1,0
img/83497.png,0,P_HEURISTIC,1,1,1,1,0
img/04569.png,0,P_DEMOCRACY,0,0,0,1,0
img/04569.png,0,P_COT,0,0,0,1,0
img/04569.png,0,P_HEURISTIC,0,0,0,1,0
img/39607.png,1,P_DEMOCRACY,1,1,0,1,0
img/39607.png,1,P_COT,1,1,0,1,0
img/39607.png,1,P_HEURISTIC,1,1,0,1,0
img/09715.png,1,P_DEMOCRACY,1,1,0,1,0
img/09715.png,1,P_COT,1,1,0,1,0
img/09715.png,1,P_HEURISTIC,1,1,0,1,0
img/01925.png,1,P_DEMOCRACY,1,1,1,1,0
img/01925.png,1,P_COT,1,1,1,1,0
img/01925.png,1,P_HEURISTIC,1,1,1,1,0
img/94813.png,0,P_DEMOCRACY,0,0,0,0,0
img/94813.png,0,P_COT,1,1,0,0,0
img/94813.png,0,P_HEURISTIC,0,0,0,0,0
img/29437.png,1,P_DEMOCRACY,0,0,0,1,0
img/29437.png,1,P_COT,0,0,0,1,0
img/29437.png,1,P_HEURISTIC,0,0,0,1,0
img/95038.png,0,P_DEMOCRACY,1,1,0,1,1
img/95038.png,0,P_COT,0,0,0,1,1
img/95038.png,0,P_HEURISTIC,1,1,0,1,1
img/64891.png,1,P_DEMOCRACY,1,1,1,1,0
img/64891.png,1,P_COT,1,1,1,1,0
img/64891.png,1,P_HEURISTIC,1,1,1,1,0
img/63280.png,1,P_DEMOCRACY,1,1,1,0,1
img/63280.png,1,P_COT,1,1,1,0,1
img/63280.png,1,P_HEURISTIC,1,1,1,0,1
img/17682.png,1,P_DEMOCRACY,1,1,0,1,1
img/17682.png,1,P_COT,1,1,0,1,1
img/17682.png,1,P_HEURISTIC,1,1,0,1,1
img/84510.png,1,P_DEMOCRACY,1,1,1,1,0
img/84510.png,1,P_COT,1,1,1,1,0
img/84510.png,1,P_HEURISTIC,1,1,1,1,0
img/28690.png,0,P_DEMOCRACY,0,0,0,1,0
img/28690.png,0,P_COT,0,0,0,1,0
img/28690.png,0,P_HEURISTIC,0,0,0,1,0
img/03567.png,1,P_DEMOCRACY,0,0,0,0,0
img/03567.png,1,P_COT,0,0,0,0,0
img/03567.png,1,P_HEURISTIC,0,0,0,0,0
img/95830.png,1,P_DEMOCRACY,0,0,0,0,0
img/95830.png,1,P_COT,1,1,0,0,0
img/95830.png,1,P_HEURISTIC,0,0,0,0,0
img/29873.png,1,P_DEMOCRACY,1,1,0,0,1
img/29873.png,1,P_COT,1,1,0,0,1
img/29873.png,1,P_HEURISTIC,1,1,0,0,1
img/70953.png,1,P_DEMOCRACY,0,0,1,1,0
img/70953.png,1,P_COT,1,1,1,1,0
img/70953.png,1,P_HEURISTIC,1,1,1,1,0
img/56124.png,0,P_DEMOCRACY,0,0,0,1,0
img/56124.png,0,P_COT,0,0,0,1,0
img/56124.png,0,P_HEURISTIC,0,0,0,1,0
img/10386.png,1,P_DEMOCRACY,0,0,0,1,0
img/10386.png,1,P_COT,1,1,0,1,0
img/10386.png,1,P_HEURISTIC,1,1,0,1,0
img/19530.png,1,P_DEMOCRACY,1,1,1,1,0
img/19530.png,1,P_COT,0,0,1,1,0
img/19530.png,1,P_HEURISTIC,1,1,1,1,0
img/94185.png,1,P_DEMOCRACY,0,0,1,1,0
img/94185.png,1,P_COT,1,1,1,1,0
img/94185.png,1,P_HEURISTIC,1,1,1,1,0
img/48370.png,1,P_DEMOCRACY,1,1,1,1,0
img/48370.png,1,P_COT,1,1,1,1,0
img/48370.png,1,P_HEURISTIC,1,1,1,1,0
img/74058.png,0,P_DEMOCRACY,1,1,1,0,0
img/74058.png,0,P_COT,1,1,1,0,0
img/74058.png,0,P_HEURISTIC,1,1,1,0,0
img/45062.png,0,P_DEMOCRACY,1,1,0,1,0
img/45062.png,0,P_COT,1,1,0,1,0
img/45062.png,0,P_HEURISTIC,1,1,0,1,0
img/94170.png,0,P_DEMOCRACY,0,0,0,1,0
img/94170.png,0,P_COT,0,0,0,1,0
img/94170.png,0,P_HEURISTIC,0,0,0,1,0
img/04538.png,0,P_DEMOCRACY,0,0,0,0,0
img/04538.png,0,P_COT,0,0,0,0,0
img/04538.png,0,P_HEURISTIC,0,0,0,0,0
img/83946.png,1,P_DEMOCRACY,1,1,1,1,0
img/83946.png,1,P_COT,1,1,1,1,0
img/83946.png,1,P_HEURISTIC,1,1,1,1,0
img/68127.png,0,P_DEMOCRACY,0,0,0,0,0
img/68127.png,0,P_COT,0,0,0,0,0
img/68127.png,0,P_HEURISTIC,0,0,0,0,0
img/97453.png,0,P_DEMOCRACY,0,0,0,1,0
img/97453.png,0,P_COT,0,0,0,1,0
img/97453.png,0,P_HEURISTIC,0,0,0,1,0
img/39578.png,1,P_DEMOCRACY,1,1,0,1,0
img/39578.png,1,P_COT,1,1,0,1,0
img/39578.png,1,P_HEURISTIC,1,1,0,1,0
img/49360.png,0,P_DEMOCRACY,1,1,1,1,0
img/49360.png,0,P_COT,1,1,1,1,0
img/49360.png,0,P_HEURISTIC,1,1,1,1,0
img/87034.png,0,P_DEMOCRACY,0,0,0,0,0
img/87034.png,0,P_COT,0,0,0,0,0
img/87034.png,0,P_HEURISTIC,0,0,0,0,0
img/06123.png,1,P_DEMOCRACY,0,0,0,1,0
img/06123.png,1,P_COT,0,0,0,1,0
img/06123.png,1,P_HEURISTIC,0,0,0,1,0
img/17028.png,1,P_DEMOCRACY,0,0,0,0,0
img/17028.png,1,P_COT,1,1,0,0,0
img/17028.png,1,P_HEURISTIC,0,0,0,0,0
img/42903.png,0,P_DEMOCRACY,0,0,0,1,0
img/42903.png,0,P_COT,1,1,0,1,0
img/42903.png,0,P_HEURISTIC,1,1,0,1,0
img/71680.png,1,P_DEMOCRACY,1,1,1,1,0
img/71680.png,1,P_COT,1,1,1,1,0
img/71680.png,1,P_HEURISTIC,1,1,1,1,0
img/24135.png,0,P_DEMOCRACY,0,0,0,1,0
img/24135.png,0,P_COT,1,1,0,1,0
img/24135.png,0,P_HEURISTIC,1,1,0,1,0
img/32875.png,0,P_DEMOCRACY,0,0,0,1,0
img/32875.png,0,P_COT,0,0,0,1,0
img/32875.png,0,P_HEURISTIC,0,0,0,1,0
img/79085.png,1,P_DEMOCRACY,0,0,0,0,0
img/79085.png,1,P_COT,0,0,0,0,0
img/79085.png,1,P_HEURISTIC,0,0,0,0,0
img/61872.png,1,P_DEMOCRACY,0,0,0,1,0
img/61872.png,1,P_COT,1,1,0,1,0
img/61872.png,1,P_HEURISTIC,1,1,0,1,0
img/30579.png,0,P_DEMOCRACY,1,1,0,0,0
img/30579.png,0,P_COT,1,1,0,0,0
img/30579.png,0,P_HEURISTIC,1,1,0,0,0
img/62504.png,0,P_DEMOCRACY,0,0,0,1,0
img/62504.png,0,P_COT,0,0,0,1,0
img/62504.png,0,P_HEURISTIC,1,1,0,1,0
img/43810.png,1,P_DEMOCRACY,0,0,0,1,0
img/43810.png,1,P_COT,0,0,0,1,0
img/43810.png,1,P_HEURISTIC,0,0,0,1,0
img/19730.png,1,P_DEMOCRACY,0,0,0,0,0
img/19730.png,1,P_COT,1,1,0,0,0
img/19730.png,1,P_HEURISTIC,0,0,0,0,0
img/37420.png,0,P_DEMOCRACY,0,0,0,0,0
img/37420.png,0,P_COT,1,1,0,0,0
img/37420.png,0,P_HEURISTIC,0,0,0,0,0
img/82509.png,0,P_DEMOCRACY,1,1,0,0,0
img/82509.png,0,P_COT,1,1,0,0,0
img/82509.png,0,P_HEURISTIC,1,1,0,0,0
img/96284.png,1,P_DEMOCRACY,0,0,0,0,0
img/96284.png,1,P_COT,1,1,0,0,0
img/96284.png,1,P_HEURISTIC,0,0,0,0,0
img/97068.png,1,P_DEMOCRACY,1,1,1,0,0
img/97068.png,1,P_COT,1,1,1,0,0
img/97068.png,1,P_HEURISTIC,1,1,1,0,0
img/03214.png,0,P_DEMOCRACY,1,1,0,1,0
img/03214.png,0,P_COT,1,1,0,1,0
img/03214.png,0,P_HEURISTIC,1,1,0,1,0
img/23810.png,1,P_DEMOCRACY,0,0,0,1,0
img/23810.png,1,P_COT,1,1,0,1,0
img/23810.png,1,P_HEURISTIC,1,1,0,1,0
img/91836.png,1,P_DEMOCRACY,0,0,0,1,0
img/91836.png,1,P_COT,0,0,0,1,0
img/91836.png,1,P_HEURISTIC,1,1,0,1,0
img/05126.png,1,P_DEMOCRACY,1,1,1,1,0
img/05126.png,1,P_COT,1,1,1,1,0
img/05126.png,1,P_HEURISTIC,1,1,1,1,0
img/76092.png,0,P_DEMOCRACY,0,0,0,1,0
img/76092.png,0,P_COT,0,0,0,1,0
img/76092.png,0,P_HEURISTIC,0,0,0,1,0
img/64072.png,1,P_DEMOCRACY,1,1,0,1,0
img/64072.png,1,P_COT,1,1,0,1,0
img/64072.png,1,P_HEURISTIC,1,1,0,1,0
img/91058.png,1,P_DEMOCRACY,1,1,1,1,0
img/91058.png,1,P_COT,1,1,1,1,0
img/91058.png,1,P_HEURISTIC,1,1,1,1,0
img/21643.png,0,P_DEMOCRACY,1,1,0,1,0
img/21643.png,0,P_COT,1,1,0,1,0
img/21643.png,0,P_HEURISTIC,1,1,0,1,0
img/19523.png,0,P_DEMOCRACY,0,0,0,0,0
img/19523.png,0,P_COT,0,0,0,0,0
img/19523.png,0,P_HEURISTIC,0,0,0,0,0
img/32691.png,1,P_DEMOCRACY,1,1,0,0,0
img/32691.png,1,P_COT,1,1,0,0,0
img/32691.png,1,P_HEURISTIC,1,1,0,0,0
img/87169.png,1,P_DEMOCRACY,0,0,0,1,0
img/87169.png,1,P_COT,1,1,0,1,0
img/87169.png,1,P_HEURISTIC,1,1,0,1,0
img/92738.png,1,P_DEMOCRACY,0,0,0,1,0
img/92738.png,1,P_COT,0,0,0,1,0
img/92738.png,1,P_HEURISTIC,0,0,0,1,0
img/53027.png,0,P_DEMOCRACY,0,0,0,1,0
img/53027.png,0,P_COT,0,0,0,1,0
img/53027.png,0,P_HEURISTIC,0,0,0,1,0
img/27195.png,0,P_DEMOCRACY,1,1,0,1,0
img/27195.png,0,P_COT,1,1,0,1,0
img/27195.png,0,P_HEURISTIC,1,1,0,1,0
img/43910.png,1,P_DEMOCRACY,0,0,0,0,0
img/43910.png,1,P_COT,1,1,0,0,0
img/43910.png,1,P_HEURISTIC,1,1,0,0,0
img/05213.png,0,P_DEMOCRACY,1,1,1,1,0
img/05213.png,0,P_COT,1,1,1,1,0
img/05213.png,0,P_HEURISTIC,1,1,1,1,0
img/73945.png,0,P_DEMOCRACY,0,0,0,1,0
img/73945.png,0,P_COT,1,1,0,1,0
img/73945.png,0,P_HEURISTIC,0,0,0,1,0
img/56207.png,1,P_DEMOCRACY,0,0,0,1,0
img/56207.png,1,P_COT,1,1,0,1,0
img/56207.png,1,P_HEURISTIC,0,0,0,1,0
img/68459.png,1,P_DEMOCRACY,0,0,0,1,0
img/68459.png,1,P_COT,1,1,0,1,0
img/68459.png,1,P_HEURISTIC,0,0,0,1,0
img/63175.png,0,P_DEMOCRACY,1,1,1,1,1
img/63175.png,0,P_COT,0,0,1,1,1
img/63175.png,0,P_HEURISTIC,1,1,1,1,1
img/82945.png,0,P_DEMOCRACY,0,0,0,1,0
img/82945.png,0,P_COT,1,1,0,1,0
img/82945.png,0,P_HEURISTIC,1,1,0,1,0
img/34975.png,0,P_DEMOCRACY,1,1,1,1,1
img/34975.png,0,P_COT,1,1,1,1,1
img/34975.png,0,P_HEURISTIC,1,1,1,1,1
img/61973.png,1,P_DEMOCRACY,1,1,0,1,0
img/61973.png,1,P_COT,1,1,0,1,0
img/61973.png,1,P_HEURISTIC,1,1,0,1,0
img/16420.png,0,P_DEMOCRACY,0,0,0,1,0
img/16420.png,0,P_COT,0,0,0,1,0
img/16420.png,0,P_HEURISTIC,0,0,0,1,0
img/73069.png,1,P_DEMOCRACY,0,0,0,0,1
img/73069.png,1,P_COT,1,1,0,0,1
img/73069.png,1,P_HEURISTIC,1,1,0,0,1
img/47056.png,1,P_DEMOCRACY,1,1,0,1,1
img/47056.png,1,P_COT,1,1,0,1,1
img/47056.png,1,P_HEURISTIC,1,1,0,1,1
img/56428.png,0,P_DEMOCRACY,0,0,0,0,0
img/56428.png,0,P_COT,0,0,0,0,0
img/56428.png,0,P_HEURISTIC,0,0,0,0,0
img/54206.png,0,P_DEMOCRACY,0,0,0,1,0
img/54206.png,0,P_COT,1,1,0,1,0
img/54206.png,0,P_HEURISTIC,1,1,0,1,0
img/93172.png,0,P_DEMOCRACY,1,1,0,0,1
img/93172.png,0,P_COT,1,1,0,0,1
img/93172.png,0,P_HEURISTIC,1,1,0,0,1
img/56980.png,0,P_DEMOCRACY,0,0,0,1,0
img/56980.png,0,P_COT,0,0,0,1,0
img/56980.png,0,P_HEURISTIC,0,0,0,1,0
img/79615.png,0,P_DEMOCRACY,1,1,1,1,0
img/79615.png,0,P_COT,1,1,1,1,0
img/79615.png,0,P_HEURISTIC,1,1,1,1,0
img/38047.png,0,P_DEMOCRACY,1,1,0,0,1
img/38047.png,0,P_COT,1,1,0,0,1
img/38047.png,0,P_HEURISTIC,1,1,0,0,1
img/94560.png,1,P_DEMOCRACY,0,0,0,0,0
img/94560.png,1,P_COT,1,1,0,0,0
img/94560.png,1,P_HEURISTIC,0,0,0,0,0
img/96250.png,0,P_DEMOCRACY,0,0,0,0,1
img/96250.png,0,P_COT,0,0,0,0,1
img/96250.png,0,P_HEURISTIC,0,0,0,0,1
img/28951.png,0,P_DEMOCRACY,0,0,0,1,0
img/28951.png,0,P_COT,1,1,0,1,0
img/28951.png,0,P_HEURISTIC,1,1,0,1,0
img/27614.png,0,P_DEMOCRACY,0,0,0,1,0
img/27614.png,0,P_COT,0,0,0,1,0
img/27614.png,0,P_HEURISTIC,0,0,0,1,0
img/04857.png,1,P_DEMOCRACY,1,1,1,1,1
img/04857.png,1,P_COT,1,1,1,1,1
img/04857.png,1,P_HEURISTIC,1,1,1,1,1
img/79603.png,1,P_DEMOCRACY,1,1,1,1,1
img/79603.png,1,P_COT,1,1,1,1,1
img/79603.png,1,P_HEURISTIC,1,1,1,1,1
img/26985.png,1,P_DEMOCRACY,0,0,0,1,0
img/26985.png,1,P_COT,1,1,0,1,0
img/26985.png,1,P_HEURISTIC,0,0,0,1,0
img/14873.png,1,P_DEMOCRACY,0,0,0,1,0
img/14873.png,1,P_COT,1,1,0,1,0
img/14873.png,1,P_HEURISTIC,1,1,0,1,0
img/54893.png,0,P_DEMOCRACY,0,0,0,1,0
img/54893.png,0,P_COT,1,1,0,1,0
img/54893.png,0,P_HEURISTIC,1,1,0,1,0
img/48236.png,0,P_DEMOCRACY,0,0,0,1,0
img/48236.png,0,P_COT,1,1,0,1,0
img/48236.png,0,P_HEURISTIC,0,0,0,1,0
img/74908.png,0,P_DEMOCRACY,0,0,1,1,0
img/74908.png,0,P_COT,1,1,1,1,0
img/74908.png,0,P_HEURISTIC,1,1,1,1,0
img/96472.png,1,P_DEMOCRACY,1,1,1,0,0
img/96472.png,1,P_COT,1,1,1,0,0
img/96472.png,1,P_HEURISTIC,1,1,1,0,0
img/89430.png,0,P_DEMOCRACY,0,0,0,1,0
img/89430.png,0,P_COT,0,0,0,1,0
img/89430.png,0,P_HEURISTIC,0,0,0,1,0
img/76921.png,1,P_DEMOCRACY,0,0,0,1,0
img/76921.png,1,P_COT,1,1,0,1,0
img/76921.png,1,P_HEURISTIC,0,0,0,1,0
img/68409.png,1,P_DEMOCRACY,0,0,0,1,0
img/68409.png,1,P_COT,0,0,0,1,0
img/68409.png,1,P_HEURISTIC,0,0,0,1,0
img/16354.png,1,P_DEMOCRACY,1,1,1,0,0
img/16354.png,1,P_COT,1,1,1,0,0
img/16354.png,1,P_HEURISTIC,1,1,1,0,0
img/69548.png,1,P_DEMOCRACY,0,0,1,1,0
img/69548.png,1,P_COT,1,1,1,1,0
img/69548.png,1,P_HEURISTIC,1,1,1,1,0
img/01456.png,1,P_DEMOCRACY,1,1,1,0,0
img/01456.png,1,P_COT,1,1,1,0,0
img/01456.png,1,P_HEURISTIC,1,1,1,0,0
img/17950.png,0,P_DEMOCRACY,0,0,0,1,0
img/17950.png,0,P_COT,0,0,0,1,0
img/17950.png,0,P_HEURISTIC,0,0,0,1,0
img/76295.png,0,P_DEMOCRACY,1,1,1,1,1
img/76295.png,0,P_COT,1,1,1,1,1
img/76295.png,0,P_HEURISTIC,1,1,1,1,1
img/42580.png,1,P_DEMOCRACY,1,1,1,1,0
img/42580.png,1,P_COT,1,1,1,1,0
img/42580.png,1,P_HEURISTIC,1,1,1,1,0
img/96180.png,1,P_DEMOCRACY,0,0,0,1,0
img/96180.png,1,P_COT,0,0,0,1,0
img/96180.png,1,P_HEURISTIC,0,0,0,1,0
img/98701.png,1,P_DEMOCRACY,0,0,0,1,0
img/98701.png,1,P_COT,0,0,0,1,0
img/98701.png,1,P_HEURISTIC,0,0,0,1,0
img/15243.png,0,P_DEMOCRACY,0,0,0,1,0
img/15243.png,0,P_COT,1,1,0,1,0
img/15243.png,0,P_HEURISTIC,0,0,0,1,0
img/41058.png,0,P_DEMOCRACY,1,1,1,1,1
img/41058.png,0,P_COT,0,0,1,1,1
img/41058.png,0,P_HEURISTIC,1,1,1,1,1
img/62375.png,1,P_DEMOCRACY,1,1,1,1,1
img/62375.png,1,P_COT,1,1,1,1,1
img/62375.png,1,P_HEURISTIC,1,1,1,1,1
img/63507.png,0,P_DEMOCRACY,0,0,0,1,0
img/63507.png,0,P_COT,1,1,0,1,0
img/63507.png,0,P_HEURISTIC,1,1,0,1,0
img/31208.png,1,P_DEMOCRACY,0,0,0,1,0
img/31208.png,1,P_COT,0,0,0,1,0
img/31208.png,1,P_HEURISTIC,0,0,0,1,0
img/62319.png,1,P_DEMOCRACY,1,1,1,1,0
img/62319.png,1,P_COT,1,1,1,1,0
img/62319.png,1,P_HEURISTIC,1,1,1,1,0
img/68253.png,1,P_DEMOCRACY,1,1,1,1,0
img/68253.png,1,P_COT,1,1,1,1,0
img/68253.png,1,P_HEURISTIC,1,1,1,1,0
img/34687.png,1,P_DEMOCRACY,0,0,0,1,0
img/34687.png,1,P_COT,0,0,0,1,0
img/34687.png,1,P_HEURISTIC,0,0,0,1,0
img/34209.png,0,P_DEMOCRACY,1,1,0,1,0
img/34209.png,0,P_COT,1,1,0,1,0
img/34209.png,0,P_HEURISTIC,1,1,0,1,0
img/39827.png,1,P_DEMOCRACY,1,1,1,1,0
img/39827.png,1,P_COT,1,1,1,1,0
img/39827.png,1,P_HEURISTIC,1,1,1,1,0
img/46920.png,1,P_DEMOCRACY,1,1,1,0,1
img/46920.png,1,P_COT,1,1,1,0,1
img/46920.png,1,P_HEURISTIC,1,1,1,0,1
img/84273.png,0,P_DEMOCRACY,0,0,0,0,0
img/84273.png,0,P_COT,0,0,0,0,0
img/84273.png,0,P_HEURISTIC,0,0,0,0,0
img/39018.png,0,P_DEMOCRACY,1,1,0,1,0
img/39018.png,0,P_COT,1,1,0,1,0
img/39018.png,0,P_HEURISTIC,1,1,0,1,0
img/54780.png,1,P_DEMOCRACY,0,0,0,1,0
img/54780.png,1,P_COT,1,1,0,1,0
img/54780.png,1,P_HEURISTIC,0,0,0,1,0
img/69150.png,1,P_DEMOCRACY,1,1,1,1,0
img/69150.png,1,P_COT,1,1,1,1,0
img/69150.png,1,P_HEURISTIC,1,1,1,1,0
img/29843.png,0,P_DEMOCRACY,0,0,0,0,0
img/29843.png,0,P_COT,1,1,0,0,0
img/29843.png,0,P_HEURISTIC,1,1,0,0,0
img/19385.png,0,P_DEMOCRACY,1,1,0,1,1
img/19385.png,0,P_COT,1,1,0,1,1
img/19385.png,0,P_HEURISTIC,1,1,0,1,1
img/64510.png,0,P_DEMOCRACY,1,1,1,1,0
img/64510.png,0,P_COT,1,1,1,1,0
img/64510.png,0,P_HEURISTIC,1,1,1,1,0
img/47103.png,0,P_DEMOCRACY,0,0,0,0,0
img/47103.png,0,P_COT,0,0,0,0,0
img/47103.png,0,P_HEURISTIC,0,0,0,0,0
img/61038.png,0,P_DEMOCRACY,0,0,0,1,0
img/61038.png,0,P_COT,1,1,0,1,0
img/61038.png,0,P_HEURISTIC,0,0,0,1,0
img/71620.png,1,P_DEMOCRACY,0,0,0,1,0
img/71620.png,1,P_COT,0,0,0,1,0
img/71620.png,1,P_HEURISTIC,0,0,0,1,0
img/91602.png,0,P_DEMOCRACY,0,0,0,1,0
img/91602.png,0,P_COT,0,0,0,1,0
img/91602.png,0,P_HEURISTIC,0,0,0,1,0
img/30145.png,0,P_DEMOCRACY,0,0,0,0,0
img/30145.png,0,P_COT,1,1,0,0,0
img/30145.png,0,P_HEURISTIC,0,0,0,0,0
img/91756.png,1,P_DEMOCRACY,0,0,0,1,0
img/91756.png,1,P_COT,0,0,0,1,0
img/91756.png,1,P_HEURISTIC,0,0,0,1,0
img/63745.png,1,P_DEMOCRACY,1,1,1,0,0
img/63745.png,1,P_COT,1,1,1,0,0
img/63745.png,1,P_HEURISTIC,1,1,1,0,0
img/47162.png,1,P_DEMOCRACY,1,1,0,1,0
img/47162.png,1,P_COT,1,1,0,1,0
img/47162.png,1,P_HEURISTIC,1,1,0,1,0
img/59806.png,0,P_DEMOCRACY,0,0,0,0,0
img/59806.png,0,P_COT,1,1,0,0,0
img/59806.png,0,P_HEURISTIC,0,0,0,0,0
img/07135.png,1,P_DEMOCRACY,0,0,0,0,0
img/07135.png,1,P_COT,1,1,0,0,0
img/07135.png,1,P_HEURISTIC,0,0,0,0,0
img/35497.png,0,P_DEMOCRACY,0,0,0,1,0
img/35497.png,0,P_COT,1,1,0,1,0
img/35497.png,0,P_HEURISTIC,1,1,0,1,0
img/84362.png,0,P_DEMOCRACY,0,0,0,1,0
img/84362.png,0,P_COT,0,0,0,1,0
img/84362.png,0,P_HEURISTIC,1,1,0,1,0
img/84015.png,1,P_DEMOCRACY,0,0,0,1,0
img/84015.png,1,P_COT,1,1,0,1,0
img/84015.png,1,P_HEURISTIC,1,1,0,1,0
img/87251.png,0,P_DEMOCRACY,0,0,1,1,0
img/87251.png,0,P_COT,0,0,1,1,0
img/87251.png,0,P_HEURISTIC,1,1,1,1,0
img/82590.png,1,P_DEMOCRACY,1,1,1,1,0
img/82590.png,1,P_COT,1,1,1,1,0
img/82590.png,1,P_HEURISTIC,1,1,1,1,0
img/59738.png,1,P_DEMOCRACY,0,0,0,1,0
img/59738.png,1,P_COT,1,1,0,1,0
img/59738.png,1,P_HEURISTIC,1,1,0,1,0
img/35470.png,0,P_DEMOCRACY,0,0,0,1,0
img/35470.png,0,P_COT,0,0,0,1,0
img/35470.png,0,P_HEURISTIC,0,0,0,1,0
img/72061.png,1,P_DEMOCRACY,0,0,1,1,0
img/72061.png,1,P_COT,0,0,1,1,0
img/72061.png,1,P_HEURISTIC,1,1,1,1,0
img/03524.png,1,P_DEMOCRACY,1,1,1,1,1
img/03524.png,1,P_COT,1,1,1,1,1
img/03524.png,1,P_HEURISTIC,1,1,1,1,1
img/86170.png,1,P_DEMOCRACY,1,1,0,1,0
img/86170.png,1,P_COT,1,1,0,1,0
img/86170.png,1,P_HEURISTIC,1,1,0,1,0
img/50841.png,0,P_DEMOCRACY,1,1,0,1,1
img/50841.png,0,P_COT,1,1,0,1,1
img/50841.png,0,P_HEURISTIC,1,1,0,1,1
img/46087.png,0,P_DEMOCRACY,1,1,0,1,0
img/46087.png,0,P_COT,1,1,0,1,0
img/46087.png,0,P_HEURISTIC,1,1,0,1,0
img/42058.png,0,P_DEMOCRACY,0,0,0,1,0
img/42058.png,0,P_COT,0,0,0,1,0
img/42058.png,0,P_HEURISTIC,0,0,0,1,0
img/01967.png,0,P_DEMOCRACY,0,0,0,1,0
img/01967.png,0,P_COT,1,1,0,1,0
img/01967.png,0,P_HEURISTIC,1,1,0,1,0
img/54930.png,1,P_DEMOCRACY,1,1,1,0,0
img/54930.png,1,P_COT,1,1,1,0,0
img/54930.png,1,P_HEURISTIC,1,1,1,0,0
img/38076.png,1,P_DEMOCRACY,1,1,0,1,0
img/38076.png,1,P_COT,1,1,0,1,0
img/38076.png,1,P_HEURISTIC,1,1,0,1,0
img/38910.png,1,P_DEMOCRACY,1,1,1,1,0
img/38910.png,1,P_COT,1,1,1,1,0
img/38910.png,1,P_HEURISTIC,1,1,1,1,0
img/06723.png,1,P_DEMOCRACY,0,0,0,1,0
img/06723.png,1,P_COT,1,1,0,1,0
img/06723.png,1,P_HEURISTIC,1,1,0,1,0
img/02157.png,1,P_DEMOCRACY,1,1,1,1,0
img/02157.png,1,P_COT,1,1,1,1,0
img/02157.png,1,P_HEURISTIC,1,1,1,1,0
img/62948.png,1,P_DEMOCRACY,0,0,1,1,0
img/62948.png,1,P_COT,1,1,1,1,0
img/62948.png,1,P_HEURISTIC,1,1,1,1,0
img/21075.png,0,P_DEMOCRACY,0,0,0,0,0
img/21075.png,0,P_COT,0,0,0,0,0
img/21075.png,0,P_HEURISTIC,0,0,0,0,0
img/73601.png,1,P_DEMOCRACY,0,0,0,1,0
img/73601.png,1,P_COT,1,1,0,1,0
img/73601.png,1,P_HEURISTIC,1,1,0,1,0
img/32579.png,0,P_DEMOCRACY,0,0,0,0,0
img/32579.png,0,P_COT,0,0,0,0,0
img/32579.png,0,P_HEURISTIC,0,0,0,0,0
img/21567.png,1,P_DEMOCRACY,0,0,1,1,0
img/21567.png,1,P_COT,0,0,1,1,0
img/21567.png,1,P_HEURISTIC,1,1,1,1,0
img/01765.png,1,P_DEMOCRACY,1,1,1,1,1
img/01765.png,1,P_COT,1,1,1,1,1
img/01765.png,1,P_HEURISTIC,1,1,1,1,1
img/53172.png,0,P_DEMOCRACY,0,0,1,1,0
img/53172.png,0,P_COT,0,0,1,1,0
img/53172.png,0,P_HEURISTIC,1,1,1,1,0
img/32568.png,1,P_DEMOCRACY,1,1,1,0,0
img/32568.png,1,P_COT,1,1,1,0,0
img/32568.png,1,P_HEURISTIC,1,1,1,0,0
img/01742.png,0,P_DEMOCRACY,0,0,0,1,0
img/01742.png,0,P_COT,1,1,0,1,0
img/01742.png,0,P_HEURISTIC,0,0,0,1,0
img/56098.png,1,P_DEMOCRACY,0,0,1,0,0
img/56098.png,1,P_COT,0,0,1,0,0
img/56098.png,1,P_HEURISTIC,1,1,1,0,0
img/78612.png,0,P_DEMOCRACY,1,1,0,1,0
img/78612.png,0,P_COT,1,1,0,1,0
img/78612.png,0,P_HEURISTIC,1,1,0,1,0
img/34018.png,1,P_DEMOCRACY,1,1,0,1,1
img/34018.png,1,P_COT,1,1,0,1,1
img/34018.png,1,P_HEURISTIC,1,1,0,1,1
img/53609.png,0,P_DEMOCRACY,0,0,0,1,0
img/53609.png,0,P_COT,0,0,0,1,0
img/53609.png,0,P_HEURISTIC,0,0,0,1,0
img/89362.png,1,P_DEMOCRACY,1,1,1,1,0
img/89362.png,1,P_COT,1,1,1,1,0
img/89362.png,1,P_HEURISTIC,1,1,1,1,0
img/80426.png,1,P_DEMOCRACY,0,0,0,1,0
img/80426.png,1,P_COT,1,1,0,1,0
img/80426.png,1,P_HEURISTIC,0,0,0,1,0
img/83045.png,1,P_DEMOCRACY,0,0,0,0,0
img/83045.png,1,P_COT,1,1,0,0,0
img/83045.png,1,P_HEURISTIC,0,0,0,0,0
img/61503.png,0,P_DEMOCRACY,1,1,1,1,0
img/61503.png,0,P_COT,1,1,1,1,0
img/61503.png,0,P_HEURISTIC,1,1,1,1,0
img/41890.png,1,P_DEMOCRACY,0,0,0,1,0
img/41890.png,1,P_COT,1,1,0,1,0
img/41890.png,1,P_HEURISTIC,1,1,0,1,0
img/52091.png,1,P_DEMOCRACY,1,1,0,1,0
img/52091.png,1,P_COT,1,1,0,1,0
img/52091.png,1,P_HEURISTIC,1,1,0,1,0
img/24396.png,1,P_DEMOCRACY,1,1,1,1,1
img/24396.png,1,P_COT,1,1,1,1,1
img/24396.png,1,P_HEURISTIC,1,1,1,1,1
img/72168.png,1,P_DEMOCRACY,0,0,1,1,0
img/72168.png,1,P_COT,0,0,1,1,0
img/72168.png,1,P_HEURISTIC,1,1,1,1,0
img/85761.png,1,P_DEMOCRACY,0,0,0,0,0
img/85761.png,1,P_COT,0,0,0,0,0
img/85761.png,1,P_HEURISTIC,0,0,0,0,0
img/35719.png,0,P_DEMOCRACY,0,0,0,1,0
img/35719.png,0,P_COT,0,0,0,1,0
img/35719.png,0,P_HEURISTIC,0,0,0,1,0
img/90256.png,1,P_DEMOCRACY,1,1,1,1,0
img/90256.png,1,P_COT,1,1,1,1,0
img/90256.png,1,P_HEURISTIC,1,1,1,1,0
img/20984.png,0,P_DEMOCRACY,0,0,0,1,0
img/20984.png,0,P_COT,1,1,0,1,0
img/20984.png,0,P_HEURISTIC,1,1,0,1,0
img/95086.png,1,P_DEMOCRACY,1,1,1,1,1
img/95086.png,1,P_COT,1,1,1,1,1
img/95086.png,1,P_HEURISTIC,1,1,1,1,1
img/49028.png,0,P_DEMOCRACY,1,1,1,1,0
img/49028.png,0,P_COT,1,1,1,1,0
img/49028.png,0,P_HEURISTIC,1,1,1,1,0
img/18356.png,0,P_DEMOCRACY,0,0,0,1,0
img/18356.png,0,P_COT,1,1,0,1,0
img/18356.png,0,P_HEURISTIC,0,0,0,1,0
img/52634.png,0,P_DEMOCRACY,1,1,0,1,1
img/52634.png,0,P_COT,1,1,0,1,1
img/52634.png,0,P_HEURISTIC,1,1,0,1,1
img/80512.png,1,P_DEMOCRACY,1,1,0,1,1
img/80512.png,1,P_COT,1,1,0,1,1
img/80512.png,1,P_HEURISTIC,1,1,0,1,1
img/62703.png,0,P_DEMOCRACY,0,0,0,1,0
img/62703.png,0,P_COT,0,0,0,1,0
img/62703.png,0,P_HEURISTIC,0,0,0,1,0
img/95176.png,0,P_DEMOCRACY,0,0,0,0,0
img/95176.png,0,P_COT,1,1,0,0,0
img/95176.png,0,P_HEURISTIC,0,0,0,0,0
img/27384.png,0,P_DEMOCRACY,1,1,0,1,0
img/27384.png,0,P_COT,1,1,0,1,0
img/27384.png,0,P_HEURISTIC,1,1,0,1,0
img/82437.png,1,P_DEMOCRACY,0,0,0,1,0
img/82437.png,1,P_COT,1,1,0,1,0
img/82437.png,1,P_HEURISTIC,1,1,0,1,0
img/26943.png,1,P_DEMOCRACY,1,1,0,1,0
img/26943.png,1,P_COT,1,1,0,1,0
img/26943.png,1,P_HEURISTIC,1,1,0,1,0
img/09152.png,0,P_DEMOCRACY,0,0,0,1,0
img/09152.png,0,P_COT,0,0,0,1,0
img/09152.png,0,P_HEURISTIC,0,0,0,1,0
img/07429.png,1,P_DEMOCRACY,1,1,1,1,0
img/07429.png,1,P_COT,0,0,1,1,0
img/07429.png,1,P_HEURISTIC,1,1,1,1,0
img/75639.png,1,P_DEMOCRACY,0,0,1,1,0
img/75639.png,1,P_COT,0,0,1,1,0
img/75639.png,1,P_HEURISTIC,1,1,1,1,0
img/46812.png,0,P_DEMOCRACY,0,0,0,1,0
img/46812.png,0,P_COT,0,0,0,1,0
img/46812.png,0,P_HEURISTIC,0,0,0,1,0
img/63827.png,1,P_DEMOCRACY,0,0,0,1,0
img/63827.png,1,P_COT,1,1,0,1,0
img/63827.png,1,P_HEURISTIC,0,0,0,1,0
img/41276.png,1,P_DEMOCRACY,0,0,0,1,0
img/41276.png,1,P_COT,1,1,0,1,0
img/41276.png,1,P_HEURISTIC,1,1,0,1,0
img/56413.png,1,P_DEMOCRACY,1,1,1,1,0
img/56413.png,1,P_COT,1,1,1,1,0
img/56413.png,1,P_HEURISTIC,1,1,1,1,0
img/69512.png,0,P_DEMOCRACY,0,0,0,0,0
img/69512.png,0,P_COT,0,0,0,0,0
img/69512.png,0,P_HEURISTIC,0,0,0,0,0
img/43175.png,1,P_DEMOCRACY,1,1,1,1,0
img/43175.png,1,P_COT,1,1,1,1,0
img/43175.png,1,P_HEURISTIC,1,1,1,1,0
img/54129.png,0,P_DEMOCRACY,0,0,0,1,0
img/54129.png,0,P_COT,1,1,0,1,0
img/54129.png,0,P_HEURISTIC,0,0,0,1,0
img/23645.png,1,P_DEMOCRACY,0,0,0,1,0
img/23645.png,1,P_COT,1,1,0,1,0
img/23645.png,1,P_HEURISTIC,1,1,0,1,0
img/89425.png,1,P_DEMOCRACY,1,1,0,1,0
img/89425.png,1,P_COT,1,1,0,1,0
img/89425.png,1,P_HEURISTIC,1,1,0,1,0
img/16923.png,1,P_DEMOCRACY,1,1,0,1,0
img/16923.png,1,P_COT,1,1,0,1,0
img/16923.png,1,P_HEURISTIC,1,1,0,1,0
img/04769.png,1,P_DEMOCRACY,1,1,0,1,1
img/04769.png,1,P_COT,1,1,0,1,1
img/04769.png,1,P_HEURISTIC,1,1,0,1,1
img/69815.png,1,P_DEMOCRACY,0,0,0,1,0
img/69815.png,1,P_COT,1,1,0,1,0
img/69815.png,1,P_HEURISTIC,1,1,0,1,0
img/91468.png,0,P_DEMOCRACY,1,1,1,1,0
img/91468.png,0,P_COT,1,1,1,1,0
img/91468.png,0,P_HEURISTIC,1,1,1,1,0
img/52104.png,0,P_DEMOCRACY,1,1,1,1,1
img/52104.png,0,P_COT,1,1,1,1,1
img/52104.png,0,P_HEURISTIC,1,1,1,1,1
img/52031.png,0,P_DEMOCRACY,0,0,0,0,0
img/52031.png,0,P_COT,0,0,0,0,0
img/52031.png,0,P_HEURISTIC,0,0,0,0,0
img/08795.png,0,P_DEMOCRACY,0,0,0,1,0
img/08795.png,0,P_COT,1,1,0,1,0
img/08795.png,0,P_HEURISTIC,1,1,0,1,0
img/50317.png,1,P_DEMOCRACY,1,1,0,0,1
img/50317.png,1,P_COT,1,1,0,0,1
img/50317.png,1,P_HEURISTIC,1,1,0,0,1
img/73914.png,1,P_DEMOCRACY,0,0,0,1,0
img/73914.png,1,P_COT,1,1,0,1,0
img/73914.png,1,P_HEURISTIC,1,1,0,1,0
img/03197.png,1,P_DEMOCRACY,0,0,0,1,0
img/03197.png,1,P_COT,0,0,0,1,0
img/03197.png,1,P_HEURISTIC,0,0,0,1,0
img/49621.png,0,P_DEMOCRACY,0,0,1,1,0
img/49621.png,0,P_COT,0,0,1,1,0
img/49621.png,0,P_HEURISTIC,0,0,1,1,0
img/68530.png,1,P_DEMOCRACY,0,0,0,1,0
img/68530.png,1,P_COT,1,1,0,1,0
img/68530.png,1,P_HEURISTIC,0,0,0,1,0
img/98547.png,0,P_DEMOCRACY,1,1,1,1,0
img/98547.png,0,P_COT,1,1,1,1,0
img/98547.png,0,P_HEURISTIC,1,1,1,1,0
img/03519.png,1,P_DEMOCRACY,0,0,0,1,1
img/03519.png,1,P_COT,1,1,0,1,1
img/03519.png,1,P_HEURISTIC,1,1,0,1,1
img/43698.png,0,P_DEMOCRACY,0,0,0,0,0
img/43698.png,0,P_COT,1,1,0,0,0
img/43698.png,0,P_HEURISTIC,0,0,0,0,0
img/84756.png,1,P_DEMOCRACY,0,0,0,0,0
img/84756.png,1,P_COT,0,0,0,0,0
img/84756.png,1,P_HEURISTIC,0,0,0,0,0
img/93051.png,0,P_DEMOCRACY,0,0,0,0,0
img/93051.png,0,P_COT,0,0,0,0,0
img/93051.png,0,P_HEURISTIC,0,0,0,0,0
img/68257.png,0,P_DEMOCRACY,0,0,0,1,0
img/68257.png,0,P_COT,0,0,0,1,0
img/68257.png,0,P_HEURISTIC,0,0,0,1,0
img/12834.png,1,P_DEMOCRACY,1,1,0,1,0
img/12834.png,1,P_COT,1,1,0,1,0
img/12834.png,1,P_HEURISTIC,1,1,0,1,0
img/57208.png,0,P_DEMOCRACY,0,0,0,1,0
img/57208.png,0,P_COT,0,0,0,1,0
img/57208.png,0,P_HEURISTIC,0,0,0,1,0
img/26439.png,0,P_DEMOCRACY,0,0,0,1,0
img/26439.png,0,P_COT,1,1,0,1,0
img/26439.png,0,P_HEURISTIC,0,0,0,1,0
img/53769.png,0,P_DEMOCRACY,0,0,0,0,0
img/53769.png,0,P_COT,1,1,0,0,0
img/53769.png,0,P_HEURISTIC,0,0,0,0,0
img/28406.png,0,P_DEMOCRACY,0,0,0,0,0
img/28406.png,0,P_COT,0,0,0,0,0
img/28406.png,0,P_HEURISTIC,0,0,0,0,0
img/53418.png,0,P_DEMOCRACY,0,0,0,1,0
img/53418.png,0,P_COT,1,1,0,1,0
img/53418.png,0,P_HEURISTIC,0,0,0,1,0
img/10785.png,1,P_DEMOCRACY,1,1,0,1,0
img/10785.png,1,P_COT,1,1,0,1,0
img/10785.png,1,P_HEURISTIC,1,1,0,1,0
img/84302.png,0,P_DEMOCRACY,1,1,0,1,0
img/84302.png,0,P_COT,1,1,0,1,0
img/84302.png,0,P_HEURISTIC,1,1,0,1,0
img/76015.png,0,P_DEMOCRACY,0,0,0,1,0
img/76015.png,0,P_COT,1,1,0,1,0
img/76015.png,0,P_HEURISTIC,1,1,0,1,0
img/34189.png,0,P_DEMOCRACY,0,0,0,0,0
img/34189.png,0,P_COT,0,0,0,0,0
img/34189.png,0,P_HEURISTIC,0,0,0,0,0
img/52079.png,0,P_DEMOCRACY,0,0,0,0,0
img/52079.png,0,P_COT,0,0,0,0,0
img/52079.png,0,P_HEURISTIC,0,0,0,0,0
img/63987.png,0,P_DEMOCRACY,0,0,0,1,0
img/63987.png,0,P_COT,1,1,0,1,0
img/63987.png,0,P_HEURISTIC,1,1,0,1,0
img/73526.png,0,P_DEMOCRACY,1,1,0,1,0
img/73526.png,0,P_COT,1,1,0,1,0
img/73526.png,0,P_HEURISTIC,1,1,0,1,0
img/02145.png,0,P_DEMOCRACY,0,0,0,0,0
img/02145.png,0,P_COT,0,0,0,0,0
img/02145.png,0,P_HEURISTIC,0,0,0,0,0
img/84102.png,0,P_DEMOCRACY,0,0,0,1,0
img/84102.png,0,P_COT,0,0,0,1,0
img/84102.png,0,P_HEURISTIC,1,1,0,1,0
img/32981.png,0,P_DEMOCRACY,0,0,0,1,0
img/32981.png,0,P_COT,1,1,0,1,0
img/32981.png,0,P_HEURISTIC,0,0,0,1,0
img/73605.png,0,P_DEMOCRACY,0,0,0,0,0
img/73605.png,0,P_COT,0,0,0,0,0
img/73605.png,0,P_HEURISTIC,0,0,0,0,0
img/07382.png,1,P_DEMOCRACY,0,0,1,1,0
img/07382.png,1,P_COT,0,0,1,1,0
img/07382.png,1,P_HEURISTIC,1,1,1,1,0
img/64071.png,0,P_DEMOCRACY,0,0,0,1,0
img/64071.png,0,P_COT,0,0,0,1,0
img/64071.png,0,P_HEURISTIC,0,0,0,1,0
img/80912.png,0,P_DEMOCRACY,0,0,0,0,0
img/80912.png,0,P_COT,0,0,0,0,0
img/80912.png,0,P_HEURISTIC,0,0,0,0,0
img/84762.png,1,P_DEMOCRACY,0,0,0,1,0
img/84762.png,1,P_COT,0,0,0,1,0
img/84762.png,1,P_HEURISTIC,1,1,0,1,0
img/39076.png,0,P_DEMOCRACY,0,0,0,1,0
img/39076.png,0,P_COT,0,0,0,1,0
img/39076.png,0,P_HEURISTIC,0,0,0,1,0
img/85679.png,1,P_DEMOCRACY,0,0,0,1,0
img/85679.png,1,P_COT,1,1,0,1,0
img/85679.png,1,P_HEURISTIC,1,1,0,1,0
img/38095.png,0,P_DEMOCRACY,0,0,0,1,0
img/38095.png,0,P_COT,0,0,0,1,0
img/38095.png,0,P_HEURISTIC,0,0,0,1,0
img/52394.png,0,P_DEMOCRACY,0,0,0,0,0
img/52394.png,0,P_COT,1,1,0,0,0
img/52394.png,0,P_HEURISTIC,0,0,0,0,0
img/14865.png,0,P_DEMOCRACY,0,0,0,1,0
img/14865.png,0,P_COT,1,1,0,1,0
img/14865.png,0,P_HEURISTIC,1,1,0,1,0
img/54819.png,0,P_DEMOCRACY,0,0,0,1,0
img/54819.png,0,P_COT,0,0,0,1,0
img/54819.png,0,P_HEURISTIC,0,0,0,1,0
img/46082.png,0,P_DEMOCRACY,0,0,0,0,0
img/46082.png,0,P_COT,0,0,0,0,0
img/46082.png,0,P_HEURISTIC,0,0,0,0,0
img/73962.png,1,P_DEMOCRACY,0,0,0,1,0
img/73962.png,1,P_COT,0,0,0,1,0
img/73962.png,1,P_HEURISTIC,1,1,0,1,0
img/78462.png,0,P_DEMOCRACY,0,0,0,0,0
img/78462.png,0,P_COT,0,0,0,0,0
img/78462.png,0,P_HEURISTIC,0,0,0,0,0
img/49805.png,0,P_DEMOCRACY,0,0,0,1,0
img/49805.png,0,P_COT,1,1,0,1,0
img/49805.png,0,P_HEURISTIC,1,1,0,1,0
img/24098.png,1,P_DEMOCRACY,0,0,0,1,1
img/24098.png,1,P_COT,1,1,0,1,1
img/24098.png,1,P_HEURISTIC,1,1,0,1,1
img/67435.png,1,P_DEMOCRACY,1,1,1,1,0
img/67435.png,1,P_COT,1,1,1,1,0
img/67435.png,1,P_HEURISTIC,1,1,1,1,0
img/60893.png,0,P_DEMOCRACY,0,0,0,0,0
img/60893.png,0,P_COT,0,0,0,0,0
img/60893.png,0,P_HEURISTIC,0,0,0,0,0
img/93148.png,0,P_DEMOCRACY,0,0,0,1,0
img/93148.png,0,P_COT,0,0,0,1,0
img/93148.png,0,P_HEURISTIC,0,0,0,1,0
img/07351.png,0,P_DEMOCRACY,0,0,0,0,0
img/07351.png,0,P_COT,0,0,0,0,0
img/07351.png,0,P_HEURISTIC,0,0,0,0,0
img/16850.png,0,P_DEMOCRACY,0,0,0,0,0
img/16850.png,0,P_COT,1,1,0,0,0
img/16850.png,0,P_HEURISTIC,0,0,0,0,0
img/96312.png,0,P_DEMOCRACY,0,0,0,1,0
img/96312.png,0,P_COT,0,0,0,1,0
img/96312.png,0,P_HEURISTIC,0,0,0,1,0
img/86195.png,0,P_DEMOCRACY,0,0,0,0,0
img/86195.png,0,P_COT,1,1,0,0,0
img/86195.png,0,P_HEURISTIC,0,0,0,0,0
img/84162.png,0,P_DEMOCRACY,0,0,0,1,0
img/84162.png,0,P_COT,0,0,0,1,0
img/84162.png,0,P_HEURISTIC,1,1,0,1,0
img/12067.png,0,P_DEMOCRACY,0,0,0,1,0
img/12067.png,0,P_COT,0,0,0,1,0
img/12067.png,0,P_HEURISTIC,0,0,0,1,0
img/05938.png,1,P_DEMOCRACY,1,1,1,1,0
img/05938.png,1,P_COT,1,1,1,1,0
img/05938.png,1,P_HEURISTIC,1,1,1,1,0
img/43092.png,0,P_DEMOCRACY,0,0,0,1,1
img/43092.png,0,P_COT,1,1,0,1,1
img/43092.png,0,P_HEURISTIC,1,1,0,1,1
img/30148.png,1,P_DEMOCRACY,0,0,0,1,0
img/30148.png,1,P_COT,0,0,0,1,0
img/30148.png,1,P_HEURISTIC,0,0,0,1,0
img/12045.png,0,P_DEMOCRACY,0,0,0,0,0
img/12045.png,0,P_COT,0,0,0,0,0
img/12045.png,0,P_HEURISTIC,0,0,0,0,0
img/92068.png,0,P_DEMOCRACY,0,0,0,1,0
img/92068.png,0,P_COT,1,1,0,1,0
img/92068.png,0,P_HEURISTIC,0,0,0,1,0
img/73021.png,0,P_DEMOCRACY,1,1,0,1,0
img/73021.png,0,P_COT,1,1,0,1,0
img/73021.png,0,P_HEURISTIC,1,1,0,1,0
img/56241.png,1,P_DEMOCRACY,1,1,0,1,0
img/56241.png,1,P_COT,1,1,0,1,0
img/56241.png,1,P_HEURISTIC,1,1,0,1,0
img/28905.png,1,P_DEMOCRACY,0,0,1,1,0
img/28905.png,1,P_COT,0,0,1,1,0
img/28905.png,1,P_HEURISTIC,1,1,1,1,0
img/13750.png,0,P_DEMOCRACY,0,0,0,1,0
img/13750.png,0,P_COT,1,1,0,1,0
img/13750.png,0,P_HEURISTIC,0,0,0,1,0
img/06582.png,1,P_DEMOCRACY,1,1,1,1,1
img/06582.png,1,P_COT,1,1,1,1,1
img/06582.png,1,P_HEURISTIC,1,1,1,1,1
img/75142.png,0,P_DEMOCRACY,0,0,0,1,0
img/75142.png,0,P_COT,0,0,0,1,0
img/75142.png,0,P_HEURISTIC,0,0,0,1,0
img/56149.png,0,P_DEMOCRACY,0,0,0,1,0
img/56149.png,0,P_COT,0,0,0,1,0
img/56149.png,0,P_HEURISTIC,0,0,0,1,0
img/41796.png,0,P_DEMOCRACY,0,0,0,1,0
img/41796.png,0,P_COT,1,1,0,1,0
img/41796.png,0,P_HEURISTIC,0,0,0,1,0
img/31570.png,1,P_DEMOCRACY,0,0,0,1,0
img/31570.png,1,P_COT,0,0,0,1,0
img/31570.png,1,P_HEURISTIC,1,1,0,1,0
img/01726.png,1,P_DEMOCRACY,0,0,0,1,0
img/01726.png,1,P_COT,1,1,0,1,0
img/01726.png,1,P_HEURISTIC,0,0,0,1,0
img/23785.png,0,P_DEMOCRACY,0,0,0,1,0
img/23785.png,0,P_COT,0,0,0,1,0
img/23785.png,0,P_HEURISTIC,0,0,0,1,0
img/56473.png,0,P_DEMOCRACY,0,0,0,1,0
img/56473.png,0,P_COT,0,0,0,1,0
img/56473.png,0,P_HEURISTIC,1,1,0,1,0
img/62970.png,0,P_DEMOCRACY,1,1,1,1,0
img/62970.png,0,P_COT,1,1,1,1,0
img/62970.png,0,P_HEURISTIC,1,1,1,1,0
img/41035.png,0,P_DEMOCRACY,1,1,1,1,0
img/41035.png,0,P_COT,1,1,1,1,0
img/41035.png,0,P_HEURISTIC,1,1,1,1,0
img/10285.png,1,P_DEMOCRACY,0,0,0,1,0
img/10285.png,1,P_COT,1,1,0,1,0
img/10285.png,1,P_HEURISTIC,1,1,0,1,0
img/95604.png,1,P_DEMOCRACY,0,0,0,0,0
img/95604.png,1,P_COT,0,0,0,0,0
img/95604.png,1,P_HEURISTIC,0,0,0,0,0
img/68401.png,0,P_DEMOCRACY,1,1,1,1,0
img/68401.png,0,P_COT,1,1,1,1,0
img/68401.png,0,P_HEURISTIC,1,1,1,1,0
img/50984.png,0,P_DEMOCRACY,0,0,0,1,0
img/50984.png,0,P_COT,0,0,0,1,0
img/50984.png,0,P_HEURISTIC,0,0,0,1,0
img/17908.png,0,P_DEMOCRACY,0,0,0,1,0
img/17908.png,0,P_COT,0,0,0,1,0
img/17908.png,0,P_HEURISTIC,0,0,0,1,0
img/42631.png,1,P_DEMOCRACY,0,0,1,1,0
img/42631.png,1,P_COT,0,0,1,1,0
img/42631.png,1,P_HEURISTIC,1,1,1,1,0
img/61349.png,1,P_DEMOCRACY,1,1,0,1,0
img/61349.png,1,P_COT,1,1,0,1,0
img/61349.png,1,P_HEURISTIC,1,1,0,1,0
img/65093.png,0,P_DEMOCRACY,0,0,0,0,0
img/65093.png,0,P_COT,0,0,0,0,0
img/65093.png,0,P_HEURISTIC,0,0,0,0,0
img/86357.png,0,P_DEMOCRACY,0,0,0,1,0
img/86357.png,0,P_COT,0,0,0,1,0
img/86357.png,0,P_HEURISTIC,0,0,0,1,0
img/74965.png,0,P_DEMOCRACY,0,0,0,1,0
img/74965.png,0,P_COT,0,0,0,1,0
img/74965.png,0,P_HEURISTIC,0,0,0,1,0
img/75918.png,0,P_DEMOCRACY,0,0,0,1,0
img/75918.png,0,P_COT,0,0,0,1,0
img/75918.png,0,P_HEURISTIC,0,0,0,1,0
img/14975.png,0,P_DEMOCRACY,0,0,0,0,0
img/14975.png,0,P_COT,0,0,0,0,0
img/14975.png,0,P_HEURISTIC,0,0,0,0,0
img/92317.png,0,P_DEMOCRACY,0,0,0,0,0
img/92317.png,0,P_COT,0,0,0,0,0
img/92317.png,0,P_HEURISTIC,0,0,0,0,0
img/19536.png,1,P_DEMOCRACY,1,1,0,1,0
img/19536.png,1,P_COT,1,1,0,1,0
img/19536.png,1,P_HEURISTIC,1,1,0,1,0
img/90236.png,0,P_DEMOCRACY,0,0,0,1,0
img/90236.png,0,P_COT,0,0,0,1,0
img/90236.png,0,P_HEURISTIC,0,0,0,1,0
img/30642.png,0,P_DEMOCRACY,0,0,0,1,0
img/30642.png,0,P_COT,1,1,0,1,0
img/30642.png,0,P_HEURISTIC,0,0,0,1,0
img/59206.png,0,P_DEMOCRACY,0,0,0,1,0
img/59206.png,0,P_COT,1,1,0,1,0
img/59206.png,0,P_HEURISTIC,0,0,0,1,0
img/19075.png,0,P_DEMOCRACY,0,0,0,1,0
img/19075.png,0,P_COT,0,0,0,1,0
img/19075.png,0,P_HEURISTIC,0,0,0,1,0
img/79042.png,0,P_DEMOCRACY,0,0,0,1,0
img/79042.png,0,P_COT,1,1,0,1,0
img/79042.png,0,P_HEURISTIC,0,0,0,1,0
img/98720.png,0,P_DEMOCRACY,1,1,1,1,0
img/98720.png,0,P_COT,1,1,1,1,0
img/98720.png,0,P_HEURISTIC,1,1,1,1,0
img/02634.png,1,P_DEMOCRACY,0,0,0,1,0
img/02634.png,1,P_COT,0,0,0,1,0
img/02634.png,1,P_HEURISTIC,0,0,0,1,0
img/84107.png,0,P_DEMOCRACY,0,0,0,1,0
img/84107.png,0,P_COT,0,0,0,1,0
img/84107.png,0,P_HEURISTIC,0,0,0,1,0
img/07198.png,1,P_DEMOCRACY,1,1,1,1,0
img/07198.png,1,P_COT,1,1,1,1,0
img/07198.png,1,P_HEURISTIC,1,1,1,1,0
img/45702.png,1,P_DEMOCRACY,1,1,0,1,0
img/45702.png,1,P_COT,1,1,0,1,0
img/45702.png,1,P_HEURISTIC,1,1,0,1,0
img/46085.png,0,P_DEMOCRACY,0,0,0,1,0
img/46085.png,0,P_COT,0,0,0,1,0
img/46085.png,0,P_HEURISTIC,0,0,0,1,0
img/08451.png,0,P_DEMOCRACY,1,1,1,1,0
img/08451.png,0,P_COT,1,1,1,1,0
img/08451.png,0,P_HEURISTIC,1,1,1,1,0
img/73482.png,0,P_DEMOCRACY,0,0,0,0,0
img/73482.png,0,P_COT,1,1,0,0,0
img/73482.png,0,P_HEURISTIC,0,0,0,0,0
img/28017.png,1,P_DEMOCRACY,1,1,1,1,0
img/28017.png,1,P_COT,1,1,1,1,0
img/28017.png,1,P_HEURISTIC,1,1,1,1,0
img/02364.png,0,P_DEMOCRACY,0,0,0,0,0
img/02364.png,0,P_COT,0,0,0,0,0
img/02364.png,0,P_HEURISTIC,0,0,0,0,0
img/42538.png,0,P_DEMOCRACY,0,0,0,1,0
img/42538.png,0,P_COT,0,0,0,1,0
img/42538.png,0,P_HEURISTIC,0,0,0,1,0
img/47183.png,0,P_DEMOCRACY,0,0,0,0,0
img/47183.png,0,P_COT,0,0,0,0,0
img/47183.png,0,P_HEURISTIC,0,0,0,0,0
img/72904.png,1,P_DEMOCRACY,1,1,0,0,0
img/72904.png,1,P_COT,1,1,0,0,0
img/72904.png,1,P_HEURISTIC,0,0,0,0,0
img/90243.png,1,P_DEMOCRACY,1,1,1,1,0
img/90243.png,1,P_COT,1,1,1,1,0
img/90243.png,1,P_HEURISTIC,1,1,1,1,0
img/41382.png,0,P_DEMOCRACY,0,0,0,1,0
img/41382.png,0,P_COT,0,0,0,1,0
img/41382.png,0,P_HEURISTIC,0,0,0,1,0
img/78156.png,0,P_DEMOCRACY,0,0,0,1,0
img/78156.png,0,P_COT,0,0,0,1,0
img/78156.png,0,P_HEURISTIC,0,0,0,1,0
img/74250.png,0,P_DEMOCRACY,0,0,0,1,0
img/74250.png,0,P_COT,1,1,0,1,0
img/74250.png,0,P_HEURISTIC,1,1,0,1,0
img/97132.png,0,P_DEMOCRACY,1,1,1,1,0
img/97132.png,0,P_COT,1,1,1,1,0
img/97132.png,0,P_HEURISTIC,1,1,1,1,0
img/35840.png,1,P_DEMOCRACY,0,0,0,1,0
img/35840.png,1,P_COT,0,0,0,1,0
img/35840.png,1,P_HEURISTIC,0,0,0,1,0
img/78134.png,0,P_DEMOCRACY,0,0,0,1,0
img/78134.png,0,P_COT,1,1,0,1,0
img/78134.png,0,P_HEURISTIC,0,0,0,1,0
img/93620.png,1,P_DEMOCRACY,0,0,0,1,0
img/93620.png,1,P_COT,1,1,0,1,0
img/93620.png,1,P_HEURISTIC,1,1,0,1,0
img/57369.png,0,P_DEMOCRACY,0,0,0,1,0
img/57369.png,0,P_COT,1,1,0,1,0
img/57369.png,0,P_HEURISTIC,1,1,0,1,0
img/10362.png,1,P_DEMOCRACY,1,1,1,1,0
img/10362.png,1,P_COT,1,1,1,1,0
img/10362.png,1,P_HEURISTIC,1,1,1,1,0
img/36058.png,0,P_DEMOCRACY,0,0,0,0,0
img/36058.png,0,P_COT,0,0,0,0,0
img/36058.png,0,P_HEURISTIC,0,0,0,0,0
img/09467.png,1,P_DEMOCRACY,1,1,1,1,0
img/09467.png,1,P_COT,1,1,1,1,0
img/09467.png,1,P_HEURISTIC,1,1,1,1,0
img/60183.png,1,P_DEMOCRACY,1,1,1,0,0
img/60183.png,1,P_COT,1,1,1,0,0
img/60183.png,1,P_HEURISTIC,1,1,1,0,0
img/47263.png,1,P_DEMOCRACY,0,0,0,1,0
img/47263.png,1,P_COT,1,1,0,1,0
img/47263.png,1,P_HEURISTIC,1,1,0,1,0
img/18726.png,0,P_DEMOCRACY,0,0,0,1,0
img/18726.png,0,P_COT,0,0,0,1,0
img/18726.png,0,P_HEURISTIC,0,0,0,1,0
img/50379.png,0,P_DEMOCRACY,0,0,0,0,0
img/50379.png,0,P_COT,0,0,0,0,0
img/50379.png,0,P_HEURISTIC,0,0,0,0,0
img/06352.png,0,P_DEMOCRACY,0,0,0,1,0
img/06352.png,0,P_COT,0,0,0,1,0
img/06352.png,0,P_HEURISTIC,0,0,0,1,0
img/58093.png,0,P_DEMOCRACY,0,0,0,1,0
img/58093.png,0,P_COT,0,0,0,1,0
img/58093.png,0,P_HEURISTIC,0,0,0,1,0
img/19508.png,1,P_DEMOCRACY,0,0,1,1,0
img/19508.png,1,P_COT,0,0,1,1,0
img/19508.png,1,P_HEURISTIC,1,1,1,1,0
img/02783.png,1,P_DEMOCRACY,1,1,1,1,0
img/02783.png,1,P_COT,1,1,1,1,0
img/02783.png,1,P_HEURISTIC,1,1,1,1,0
img/41728.png,0,P_DEMOCRACY,1,1,1,1,0
img/41728.png,0,P_COT,1,1,1,1,0
img/41728.png,0,P_HEURISTIC,1,1,1,1,0
img/51306.png,0,P_DEMOCRACY,0,0,1,1,0
img/51306.png,0,P_COT,1,1,1,1,0
img/51306.png,0,P_HEURISTIC,1,1,1,1,0
img/50241.png,1,P_DEMOCRACY,1,1,0,1,1
img/50241.png,1,P_COT,1,1,0,1,1
img/50241.png,1,P_HEURISTIC,1,1,0,1,1
img/49650.png,1,P_DEMOCRACY,0,0,0,1,0
img/49650.png,1,P_COT,0,0,0,1,0
img/49650.png,1,P_HEURISTIC,0,0,0,1,0
img/17045.png,0,P_DEMOCRACY,0,0,0,0,0
img/17045.png,0,P_COT,0,0,0,0,0
img/17045.png,0,P_HEURISTIC,0,0,0,0,0
img/89536.png,0,P_DEMOCRACY,0,0,0,0,0
img/89536.png,0,P_COT,1,1,0,0,0
img/89536.png,0,P_HEURISTIC,0,0,0,0,0
img/26187.png,1,P_DEMOCRACY,0,0,1,1,0
img/26187.png,1,P_COT,0,0,1,1,0
img/26187.png,1,P_HEURISTIC,0,0,1,1,0
img/74906.png,1,P_DEMOCRACY,0,0,0,1,0
img/74906.png,1,P_COT,0,0,0,1,0
img/74906.png,1,P_HEURISTIC,0,0,0,1,0
img/28190.png,1,P_DEMOCRACY,0,0,0,0,0
img/28190.png,1,P_COT,0,0,0,0,0
img/28190.png,1,P_HEURISTIC,0,0,0,0,0
img/89642.png,1,P_DEMOCRACY,0,0,0,1,0
img/89642.png,1,P_COT,1,1,0,1,0
img/89642.png,1,P_HEURISTIC,0,0,0,1,0
img/59170.png,0,P_DEMOCRACY,0,0,0,1,0
img/59170.png,0,P_COT,0,0,0,1,0
img/59170.png,0,P_HEURISTIC,0,0,0,1,0
img/30927.png,0,P_DEMOCRACY,0,0,0,0,0
img/30927.png,0,P_COT,0,0,0,0,0
img/30927.png,0,P_HEURISTIC,0,0,0,0,0
img/32049.png,0,P_DEMOCRACY,1,1,1,1,0
img/32049.png,0,P_COT,1,1,1,1,0
img/32049.png,0,P_HEURISTIC,1,1,1,1,0
img/95173.png,0,P_DEMOCRACY,1,1,0,1,0
img/95173.png,0,P_COT,1,1,0,1,0
img/95173.png,0,P_HEURISTIC,1,1,0,1,0
img/50198.png,0,P_DEMOCRACY,0,0,0,1,0
img/50198.png,0,P_COT,1,1,0,1,0
img/50198.png,0,P_HEURISTIC,0,0,0,1,0
img/37658.png,1,P_DEMOCRACY,0,0,1,1,0
img/37658.png,1,P_COT,0,0,1,1,0
img/37658.png,1,P_HEURISTIC,0,0,1,1,0
img/95613.png,1,P_DEMOCRACY,0,0,0,1,0
img/95613.png,1,P_COT,1,1,0,1,0
img/95613.png,1,P_HEURISTIC,1,1,0,1,0
img/43805.png,1,P_DEMOCRACY,0,0,0,1,0
img/43805.png,1,P_COT,1,1,0,1,0
img/43805.png,1,P_HEURISTIC,1,1,0,1,0
img/18306.png,1,P_DEMOCRACY,1,1,1,1,0
img/18306.png,1,P_COT,1,1,1,1,0
img/18306.png,1,P_HEURISTIC,1,1,1,1,0
img/46518.png,1,P_DEMOCRACY,1,1,1,1,0
img/46518.png,1,P_COT,1,1,1,1,0
img/46518.png,1,P_HEURISTIC,1,1,1,1,0
img/18547.png,1,P_DEMOCRACY,0,0,0,0,0
img/18547.png,1,P_COT,1,1,0,0,0
img/18547.png,1,P_HEURISTIC,0,0,0,0,0
img/02518.png,0,P_DEMOCRACY,0,0,0,1,0
img/02518.png,0,P_COT,0,0,0,1,0
img/02518.png,0,P_HEURISTIC,1,1,0,1,0
img/04621.png,0,P_DEMOCRACY,0,0,0,1,0
img/04621.png,0,P_COT,1,1,0,1,0
img/04621.png,0,P_HEURISTIC,1,1,0,1,0
img/98543.png,1,P_DEMOCRACY,1,1,1,1,0
img/98543.png,1,P_COT,1,1,1,1,0
img/98543.png,1,P_HEURISTIC,1,1,1,1,0
img/85621.png,0,P_DEMOCRACY,0,0,0,1,0
img/85621.png,0,P_COT,0,0,0,1,0
img/85621.png,0,P_HEURISTIC,0,0,0,1,0
img/18367.png,0,P_DEMOCRACY,0,0,0,1,0
img/18367.png,0,P_COT,0,0,0,1,0
img/18367.png,0,P_HEURISTIC,0,0,0,1,0
img/84036.png,0,P_DEMOCRACY,0,0,1,1,0
img/84036.png,0,P_COT,1,1,1,1,0
img/84036.png,0,P_HEURISTIC,1,1,1,1,0
img/86417.png,1,P_DEMOCRACY,1,1,1,1,0
img/86417.png,1,P_COT,1,1,1,1,0
img/86417.png,1,P_HEURISTIC,1,1,1,1,0
img/92567.png,0,P_DEMOCRACY,0,0,0,0,0
img/92567.png,0,P_COT,0,0,0,0,0
img/92567.png,0,P_HEURISTIC,0,0,0,0,0
img/63921.png,0,P_DEMOCRACY,0,0,0,0,0
img/63921.png,0,P_COT,0,0,0,0,0
img/63921.png,0,P_HEURISTIC,0,0,0,0,0
img/72864.png,1,P_DEMOCRACY,0,0,0,1,0
img/72864.png,1,P_COT,0,0,0,1,0
img/72864.png,1,P_HEURISTIC,0,0,0,1,0
img/30586.png,0,P_DEMOCRACY,0,0,0,1,0
img/30586.png,0,P_COT,0,0,0,1,0
img/30586.png,0,P_HEURISTIC,0,0,0,1,0
img/83264.png,1,P_DEMOCRACY,0,0,1,1,0
img/83264.png,1,P_COT,0,0,1,1,0
img/83264.png,1,P_HEURISTIC,1,1,1,1,0
img/93041.png,0,P_DEMOCRACY,0,0,0,1,0
img/93041.png,0,P_COT,0,0,0,1,0
img/93041.png,0,P_HEURISTIC,0,0,0,1,0
img/97305.png,1,P_DEMOCRACY,1,1,1,1,0
img/97305.png,1,P_COT,1,1,1,1,0
img/97305.png,1,P_HEURISTIC,1,1,1,1,0
img/03568.png,0,P_DEMOCRACY,0,0,0,0,0
img/03568.png,0,P_COT,1,1,0,0,0
img/03568.png,0,P_HEURISTIC,0,0,0,0,0
img/07653.png,1,P_DEMOCRACY,1,1,1,1,0
img/07653.png,1,P_COT,0,0,1,1,0
img/07653.png,1,P_HEURISTIC,1,1,1,1,0
img/26397.png,0,P_DEMOCRACY,0,0,0,1,0
img/26397.png,0,P_COT,1,1,0,1,0
img/26397.png,0,P_HEURISTIC,1,1,0,1,0
img/03217.png,0,P_DEMOCRACY,0,0,0,1,0
img/03217.png,0,P_COT,0,0,0,1,0
img/03217.png,0,P_HEURISTIC,0,0,0,1,0
img/40618.png,0,P_DEMOCRACY,0,0,0,1,0
img/40618.png,0,P_COT,0,0,0,1,0
img/40618.png,0,P_HEURISTIC,0,0,0,1,0
img/67208.png,0,P_DEMOCRACY,0,0,0,0,0
img/67208.png,0,P_COT,0,0,0,0,0
img/67208.png,0,P_HEURISTIC,0,0,0,0,0
img/03798.png,0,P_DEMOCRACY,0,0,0,0,0
img/03798.png,0,P_COT,0,0,0,0,0
img/03798.png,0,P_HEURISTIC,0,0,0,0,0
img/12468.png,0,P_DEMOCRACY,0,0,0,1,0
img/12468.png,0,P_COT,1,1,0,1,0
img/12468.png,0,P_HEURISTIC,1,1,0,1,0
img/16842.png,0,P_DEMOCRACY,0,0,0,1,0
img/16842.png,0,P_COT,0,0,0,1,0
img/16842.png,0,P_HEURISTIC,0,0,0,1,0
img/68043.png,1,P_DEMOCRACY,0,0,1,1,0
img/68043.png,1,P_COT,0,0,1,1,0
img/68043.png,1,P_HEURISTIC,1,1,1,1,0
img/51807.png,0,P_DEMOCRACY,0,0,1,0,0
img/51807.png,0,P_COT,0,0,1,0,0
img/51807.png,0,P_HEURISTIC,0,0,1,0,0
img/78914.png,0,P_DEMOCRACY,0,0,0,0,0
img/78914.png,0,P_COT,0,0,0,0,0
img/78914.png,0,P_HEURISTIC,0,0,0,0,0
img/47950.png,0,P_DEMOCRACY,1,1,0,0,1
img/47950.png,0,P_COT,1,1,0,0,1
img/47950.png,0,P_HEURISTIC,1,1,0,0,1
img/95487.png,0,P_DEMOCRACY,0,0,0,0,0
img/95487.png,0,P_COT,0,0,0,0,0
img/95487.png,0,P_HEURISTIC,0,0,0,0,0
img/49260.png,0,P_DEMOCRACY,0,0,0,1,0
img/49260.png,0,P_COT,1,1,0,1,0
img/49260.png,0,P_HEURISTIC,1,1,0,1,0
img/20861.png,1,P_DEMOCRACY,1,1,1,1,1
img/20861.png,1,P_COT,1,1,1,1,1
img/20861.png,1,P_HEURISTIC,1,1,1,1,1
img/38914.png,0,P_DEMOCRACY,0,0,0,1,0
img/38914.png,0,P_COT,0,0,0,1,0
img/38914.png,0,P_HEURISTIC,0,0,0,1,0
img/47016.png,1,P_DEMOCRACY,0,0,0,1,0
img/47016.png,1,P_COT,1,1,0,1,0
img/47016.png,1,P_HEURISTIC,0,0,0,1,0
img/14389.png,1,P_DEMOCRACY,1,1,0,0,1
img/14389.png,1,P_COT,1,1,0,0,1
img/14389.png,1,P_HEURISTIC,1,1,0,0,1
img/35487.png,0,P_DEMOCRACY,0,0,0,1,0
img/35487.png,0,P_COT,0,0,0,1,0
img/35487.png,0,P_HEURISTIC,0,0,0,1,0
img/84150.png,0,P_DEMOCRACY,1,1,1,1,0
img/84150.png,0,P_COT,1,1,1,1,0
img/84150.png,0,P_HEURISTIC,1,1,1,1,0
img/13809.png,1,P_DEMOCRACY,0,0,0,1,0
img/13809.png,1,P_COT,1,1,0,1,0
img/13809.png,1,P_HEURISTIC,1,1,0,1,0
img/50261.png,1,P_DEMOCRACY,0,0,0,1,0
img/50261.png,1,P_COT,0,0,0,1,0
img/50261.png,1,P_HEURISTIC,0,0,0,1,0
img/75286.png,1,P_DEMOCRACY,0,0,0,1,0
img/75286.png,1,P_COT,0,0,0,1,0
img/75286.png,1,P_HEURISTIC,0,0,0,1,0
img/64312.png,1,P_DEMOCRACY,0,0,1,1,0
img/64312.png,1,P_COT,0,0,1,1,0
img/64312.png,1,P_HEURISTIC,1,1,1,1,0
img/67103.png,1,P_DEMOCRACY,1,1,1,1,0
img/67103.png,1,P_COT,1,1,1,1,0
img/67103.png,1,P_HEURISTIC,1,1,1,1,0
img/18059.png,1,P_DEMOCRACY,1,1,1,1,0
img/18059.png,1,P_COT,1,1,1,1,0
img/18059.png,1,P_HEURISTIC,1,1,1,1,0
img/90643.png,0,P_DEMOCRACY,0,0,0,0,0
img/90643.png,0,P_COT,0,0,0,0,0
img/90643.png,0,P_HEURISTIC,0,0,0,0,0
img/16749.png,0,P_DEMOCRACY,0,0,0,0,0
img/16749.png,0,P_COT,0,0,0,0,0
img/16749.png,0,P_HEURISTIC,0,0,0,0,0
img/37814.png,0,P_DEMOCRACY,1,1,0,1,0
img/37814.png,0,P_COT,1,1,0,1,0
img/37814.png,0,P_HEURISTIC,1,1,0,1,0
img/92046.png,0,P_DEMOCRACY,1,1,0,0,1
img/92046.png,0,P_COT,1,1,0,0,1
img/92046.png,0,P_HEURISTIC,1,1,0,0,1
img/90843.png,0,P_DEMOCRACY,0,0,0,1,0
img/90843.png,0,P_COT,1,1,0,1,0
img/90843.png,0,P_HEURISTIC,1,1,0,1,0
img/85237.png,0,P_DEMOCRACY,0,0,0,0,0
img/85237.png,0,P_COT,0,0,0,0,0
img/85237.png,0,P_HEURISTIC,0,0,0,0,0
img/98235.png,0,P_DEMOCRACY,0,0,0,0,0
img/98235.png,0,P_COT,0,0,0,0,0
img/98235.png,0,P_HEURISTIC,0,0,0,0,0
img/90267.png,0,P_DEMOCRACY,0,0,0,1,0
img/90267.png,0,P_COT,0,0,0,1,0
img/90267.png,0,P_HEURISTIC,0,0,0,1,0
img/48296.png,1,P_DEMOCRACY,0,0,1,1,0
img/48296.png,1,P_COT,0,0,1,1,0
img/48296.png,1,P_HEURISTIC,1,1,1,1,0
img/29174.png,0,P_DEMOCRACY,0,0,1,1,0
img/29174.png,0,P_COT,0,0,1,1,0
img/29174.png,0,P_HEURISTIC,1,1,1,1,0
img/65801.png,0,P_DEMOCRACY,0,0,0,0,0
img/65801.png,0,P_COT,0,0,0,0,0
img/65801.png,0,P_HEURISTIC,0,0,0,0,0
img/91763.png,1,P_DEMOCRACY,1,1,1,1,0
img/91763.png,1,P_COT,0,0,1,1,0
img/91763.png,1,P_HEURISTIC,1,1,1,1,0
img/94387.png,0,P_DEMOCRACY,0,0,0,1,0
img/94387.png,0,P_COT,0,0,0,1,0
img/94387.png,0,P_HEURISTIC,0,0,0,1,0
img/80947.png,1,P_DEMOCRACY,1,1,1,1,0
img/80947.png,1,P_COT,1,1,1,1,0
img/80947.png,1,P_HEURISTIC,1,1,1,1,0
img/78251.png,1,P_DEMOCRACY,0,0,0,1,0
img/78251.png,1,P_COT,0,0,0,1,0
img/78251.png,1,P_HEURISTIC,0,0,0,1,0
img/94738.png,0,P_DEMOCRACY,0,0,0,0,0
img/94738.png,0,P_COT,0,0,0,0,0
img/94738.png,0,P_HEURISTIC,0,0,0,0,0
img/57823.png,0,P_DEMOCRACY,0,0,0,1,1
img/57823.png,0,P_COT,0,0,0,1,1
img/57823.png,0,P_HEURISTIC,1,1,0,1,1
img/32415.png,0,P_DEMOCRACY,0,0,0,0,0
img/32415.png,0,P_COT,0,0,0,0,0
img/32415.png,0,P_HEURISTIC,0,0,0,0,0
img/05316.png,0,P_DEMOCRACY,0,0,0,1,0
img/05316.png,0,P_COT,1,1,0,1,0
img/05316.png,0,P_HEURISTIC,1,1,0,1,0
img/61085.png,0,P_DEMOCRACY,0,0,0,1,0
img/61085.png,0,P_COT,1,1,0,1,0
img/61085.png,0,P_HEURISTIC,1,1,0,1,0
img/27498.png,1,P_DEMOCRACY,0,0,1,1,0
img/27498.png,1,P_COT,0,0,1,1,0
img/27498.png,1,P_HEURISTIC,1,1,1,1,0
img/37160.png,0,P_DEMOCRACY,0,0,0,0,0
img/37160.png,0,P_COT,0,0,0,0,0
img/37160.png,0,P_HEURISTIC,0,0,0,0,0
img/18742.png,0,P_DEMOCRACY,0,0,0,0,0
img/18742.png,0,P_COT,0,0,0,0,0
img/18742.png,0,P_HEURISTIC,0,0,0,0,0
img/19243.png,0,P_DEMOCRACY,0,0,0,1,0
img/19243.png,0,P_COT,0,0,0,1,0
img/19243.png,0,P_HEURISTIC,0,0,0,1,0
img/54108.png,1,P_DEMOCRACY,0,0,0,0,0
img/54108.png,1,P_COT,1,1,0,0,0
img/54108.png,1,P_HEURISTIC,0,0,0,0,0
img/93528.png,1,P_DEMOCRACY,0,0,0,1,0
img/93528.png,1,P_COT,0,0,0,1,0
img/93528.png,1,P_HEURISTIC,0,0,0,1,0
img/78659.png,0,P_DEMOCRACY,0,0,0,1,0
img/78659.png,0,P_COT,0,0,0,1,0
img/78659.png,0,P_HEURISTIC,0,0,0,1,0
img/67082.png,0,P_DEMOCRACY,0,0,0,0,0
img/67082.png,0,P_COT,1,1,0,0,0
img/67082.png,0,P_HEURISTIC,0,0,0,0,0
img/64125.png,0,P_DEMOCRACY,0,0,0,1,0
img/64125.png,0,P_COT,0,0,0,1,0
img/64125.png,0,P_HEURISTIC,0,0,0,1,0
img/41296.png,0,P_DEMOCRACY,0,0,0,1,0
img/41296.png,0,P_COT,1,1,0,1,0
img/41296.png,0,P_HEURISTIC,1,1,0,1,0
img/53491.png,0,P_DEMOCRACY,0,0,0,1,0
img/53491.png,0,P_COT,0,0,0,1,0
img/53491.png,0,P_HEURISTIC,0,0,0,1,0
img/37692.png,0,P_DEMOCRACY,0,0,0,1,0
img/37692.png,0,P_COT,1,1,0,1,0
img/37692.png,0,P_HEURISTIC,1,1,0,1,0
img/36201.png,0,P_DEMOCRACY,0,0,0,1,0
img/36201.png,0,P_COT,0,0,0,1,0
img/36201.png,0,P_HEURISTIC,0,0,0,1,0
img/29054.png,1,P_DEMOCRACY,0,0,1,1,0
img/29054.png,1,P_COT,1,1,1,1,0
img/29054.png,1,P_HEURISTIC,1,1,1,1,0
img/06273.png,1,P_DEMOCRACY,0,0,0,0,0
img/06273.png,1,P_COT,1,1,0,0,0
img/06273.png,1,P_HEURISTIC,0,0,0,0,0
img/25061.png,1,P_DEMOCRACY,0,0,0,0,0
img/25061.png,1,P_COT,1,1,0,0,0
img/25061.png,1,P_HEURISTIC,0,0,0,0,0
img/20437.png,0,P_DEMOCRACY,0,0,0,0,1
img/20437.png,0,P_COT,1,1,0,0,1
img/20437.png,0,P_HEURISTIC,0,0,0,0,1
img/05439.png,0,P_DEMOCRACY,0,0,0,1,0
img/05439.png,0,P_COT,0,0,0,1,0
img/05439.png,0,P_HEURISTIC,0,0,0,1,0
img/34528.png,1,P_DEMOCRACY,0,0,0,1,0
img/34528.png,1,P_COT,0,0,0,1,0
img/34528.png,1,P_HEURISTIC,0,0,0,1,0
img/93541.png,0,P_DEMOCRACY,1,1,1,1,0
img/93541.png,0,P_COT,1,1,1,1,0
img/93541.png,0,P_HEURISTIC,1,1,1,1,0
img/16704.png,0,P_DEMOCRACY,0,0,0,1,0
img/16704.png,0,P_COT,1,1,0,1,0
img/16704.png,0,P_HEURISTIC,0,0,0,1,0
img/48792.png,0,P_DEMOCRACY,0,0,0,1,0
img/48792.png,0,P_COT,1,1,0,1,0
img/48792.png,0,P_HEURISTIC,1,1,0,1,0
img/07528.png,1,P_DEMOCRACY,0,0,0,1,0
img/07528.png,1,P_COT,1,1,0,1,0
img/07528.png,1,P_HEURISTIC,0,0,0,1,0
img/01268.png,0,P_DEMOCRACY,0,0,0,1,0
img/01268.png,0,P_COT,0,0,0,1,0
img/01268.png,0,P_HEURISTIC,0,0,0,1,0
img/83675.png,0,P_DEMOCRACY,0,0,0,1,0
img/83675.png,0,P_COT,0,0,0,1,0
img/83675.png,0,P_HEURISTIC,0,0,0,1,0
img/37198.png,0,P_DEMOCRACY,0,0,0,0,0
img/37198.png,0,P_COT,0,0,0,0,0
img/37198.png,0,P_HEURISTIC,0,0,0,0,0
img/48670.png,0,P_DEMOCRACY,0,0,0,1,0
img/48670.png,0,P_COT,0,0,0,1,0
img/48670.png,0,P_HEURISTIC,0,0,0,1,0
img/09863.png,0,P_DEMOCRACY,0,0,0,1,0
img/09863.png,0,P_COT,0,0,0,1,0
img/09863.png,0,P_HEURISTIC,0,0,0,1,0
img/97320.png,0,P_DEMOCRACY,0,0,0,1,0
img/97320.png,0,P_COT,1,1,0,1,0
img/97320.png,0,P_HEURISTIC,1,1,0,1,0
