image_name,true_label,PRED_NLP,roberta_prob,PRED_CLIP,PRED_MEME,text
img/08291.png,1,0,0.008776763,0,1,white people is this a shooting range
img/46971.png,1,0,0.0012479645,0,1,bravery at its finest
img/03745.png,1,0,0.0036316172,1,1,your order comes to $37.50 and your white privilege discount brings the total to $37.50
img/83745.png,1,1,0.99732995,0,0,it is time.. to send these parasites back to the desert
img/80243.png,1,0,0.008929942,0,1,mississippi wind chime
img/05279.png,1,0,0.004519921,0,1,"knowing white people , that's probably the baby father"
img/01796.png,1,0,0.0017717361,1,1,life hack #23 how to get stoned with no weed
img/53046.png,1,0,0.0022394944,0,1,"you've heard of elf on a shelf, now get ready for"
img/82301.png,1,0,0.0012939256,0,1,cooooooooooooon!!!!
img/31752.png,1,0,0.0030257516,0,1,when you get to choose your own mental illness
img/27635.png,1,1,0.9597527,1,1,dat ass ahmarbkrich*d
img/80597.png,1,1,0.9914588,1,1,look! it says it right here! we can fuck goats!
img/45368.png,1,0,0.03577667,1,0,enough is enough children are more important than freaks
img/17963.png,1,0,0.0034557756,0,0,removes polish with chemicals nobody bats an eye removes polish with chemicals everybody loses his shit
img/53968.png,1,0,0.0018252409,0,1,when you have an 80 point iq but it's the highest in your village
img/10749.png,1,0,0.002753902,0,1,my sense of humor is so dark it picks cotton
img/25149.png,1,0,0.0026355868,1,1,if this offends you you might be lack toes intolerant
img/87520.png,1,0,0.38647124,0,0,"yes, we know trump said ""mexico will pay for the wall"" but now mexicans are the wall. that boy good!!!!"
img/89071.png,1,1,0.99360317,1,1,they don't wash their ass with water and they eat their daughters' ass
img/09563.png,1,0,0.0017520072,1,1,safe sex isis style
img/72048.png,1,0,0.0015547158,0,1,hurry up barack will be home soon
img/49826.png,1,0,0.0029395283,0,1,white people on cinco de mayo vs. every other day
img/26453.png,1,0,0.0047666463,1,1,"a ww2 jewish prisoner trying to escape the auchschwitz showers (1943, colorized) wwii jew escaping hitler's rath"
img/12650.png,1,0,0.009971738,1,1,which one has tranny problems?
img/02568.png,1,0,0.015334589,0,0,whatsthe difference between heroin and i? cops think twice before shooting heroin
img/83954.png,1,0,0.013610729,1,0,head teachers given the power to ban the burqa in british schools share if you want a full ban in britain!
img/24316.png,1,0,0.008461967,1,1,sharks don't attack him why? they think it's whale shit
img/62035.png,1,0,0.0014042312,0,1,thank god my ass needed a break
img/65342.png,1,0,0.0070446874,1,1,"barn army enlist, and bomb ant hills ""grab your pitchfork and meet at the barn"""
img/92058.png,1,0,0.0025890924,1,1,how black people became christians
img/58672.png,1,1,0.996488,1,1,did you know that the chinese eat dogs savages disgusting
img/54069.png,1,0,0.00185981,1,1,when you decide to go full gas
img/91586.png,1,0,0.0015953258,0,1,left the kitchen too many times
img/87130.png,1,0,0.0032722435,0,1,finally finding the right tutorial you need indian accent
img/95640.png,1,0,0.006969473,0,1,syrian rape survivor speaks out
img/47819.png,1,0,0.0049634743,0,1,"oh, addiction isn't a disease because it started with a choice?? tell me more about how the chlamydia in your crotch isn't a disease, yet it started with a choice"
img/59140.png,1,0,0.006456368,1,1,wanna go masturbate? fuck yeah! masturbating!
img/13647.png,1,1,0.68677664,1,1,she said girls run the world... so i told her get back in the kitchen
img/65832.png,1,0,0.0030118823,0,1,why love one but eat the other ? i don't get it
img/57621.png,1,0,0.015315003,0,1,if this gets 1k likes i'll post to islam how we see muslims how muslims see us
img/40982.png,1,0,0.0023376124,0,1,and just like that... this sandwich maker doubles as ironing board
img/43275.png,1,0,0.009295593,0,1,my husband is always pushing me around... and talking behind my back
img/12973.png,1,0,0.0039512296,0,1,someone added to much soap to the dishwasher again
img/74350.png,1,0,0.0034954452,1,1,a head diaper is required when you have shit for brains
img/02478.png,1,1,0.99581015,1,1,must..resist...urge to.. kill whitey.
img/51607.png,1,0,0.0044378713,1,0,49 people were killed at christchurch muslim 49 people were killed at christchurch mosques muslim
img/65403.png,1,0,0.0037890247,0,0,money is evil give it to us
img/29750.png,1,0,0.0029969993,0,1,this cat is getting raped tonight
img/26547.png,1,0,0.0019244618,0,1,that's the way allah allah i like it
img/02143.png,1,0,0.11430398,1,1,"doesnt have food, water, electricity proud of nuclear weapons"
img/68192.png,1,0,0.0038027593,1,1,scientist are working hard to cure them all
img/52603.png,1,0,0.00522428,0,1,feeling kinda cute might steal your shit later.. idk
img/05349.png,0,1,0.91838646,1,1,normal day in a islamic country
img/06491.png,1,0,0.008617267,1,1,tranny for sale
img/74013.png,1,0,0.0017700039,1,1,"nurse: yes sir, we are having mashed potatoes today alzheimer's patient: i don't remember asking you a god damn thing"
img/27485.png,1,0,0.001213418,0,1,thats the way allah allah i like it!!!
img/13026.png,1,1,0.93725336,1,1,under the name of multiculturalism we let terrorist into this country
img/17265.png,0,0,0.0075079654,0,1,meanwhile in baltimore
img/91405.png,0,0,0.025595188,1,0,wears rag on her head so her brother husband doesnt want to molest her
img/14026.png,1,1,0.97758526,0,1,told girlfriend that mom is deaf so speak loud and slow told mom that girlfriend is retarded
img/18945.png,1,0,0.00185981,0,1,when you decide to go full gas
img/83920.png,1,0,0.003513072,0,0,"just under 17 and a half years ago, 19 people were allowed into the us who should not have been all these years later, we are told that the answer to safety is to allow everyone in"
img/83497.png,0,0,0.0036158243,1,1,different types of radicalization
img/04569.png,0,0,0.0008722794,0,1,when is the time to eat i am hungry
img/39607.png,1,0,0.039711982,0,1,those stupid basterds thought it was a real shower
img/09715.png,1,0,0.0031318215,0,1,i started a business that sells landmines disguised as prayer mats.. ..prophets are going through the roof
img/01925.png,1,0,0.005734429,1,1,i am not racist i just don't like brown sugar
img/94813.png,0,0,0.001213418,0,0,thats the way allah allah i like it!!!
img/29437.png,1,0,0.0015615212,0,1,what can happen if you eat wheaties for 38 years
img/95038.png,0,1,0.5821623,0,1,when you take these pics we think about cumming in your mouth
img/64891.png,1,0,0.37355956,1,1,lebanon: before muslims after muslims but don't worry! after islam takes over there'll be a golden age.. apparently
img/63280.png,1,1,0.9718375,1,0,so you're never going to forgive the germans because of the holocaust? same
img/17682.png,1,1,0.99553937,0,1,give them what they deserve kill them all
img/84510.png,1,0,0.001846358,1,1,bartender: how about a nice 12 yr old? him: boy or girl?
img/28690.png,0,0,0.007558424,0,1,if you're gonna talk shit about someone... you better make sure they aren't crazier than you are
img/03567.png,1,0,0.0012514772,0,0,potato is my favorite color of the alphabet
img/95830.png,1,0,0.26873165,0,0,face of terrorism in us
img/29873.png,1,1,0.99360967,0,0,who knew that this country is full of white trash
img/70953.png,1,0,0.0017997759,1,1,"""god's chosen people"" according to the book they wrote"
img/56124.png,0,0,0.0038309856,0,1,how to cook turkey in usa how to cook turkey in romania
img/10386.png,1,0,0.007820875,0,1,the book about terrorism
img/19530.png,1,0,0.0063739503,1,1,they shot the wrong gorilla
img/94185.png,1,0,0.0024800934,1,1,how a black woman can fight crime
img/48370.png,1,0,0.017098816,1,1,72 virgins are ready to get fucked up
img/74058.png,0,0,0.0018179761,1,0,he made millions of children homeless
img/45062.png,0,0,0.0065108077,0,1,me and my kids are going to rob this country blind at the expense of the very people that voted for me. and they're going to love it. believe me! bigly!
img/94170.png,0,0,0.00185981,0,1,when you decide to go full gas
img/04538.png,0,0,0.0013684011,0,0,"bows here, bows there, bows everywhere"
img/83946.png,1,0,0.013720391,1,1,when a white kid shoots up the school the same day you planned to bomb it
img/68127.png,0,0,0.0020154822,0,0,all you guys think about is dope
img/97453.png,0,0,0.0012514772,0,1,potato is my favorite color of the alphabet
img/39578.png,1,0,0.008675576,0,1,one of the bullets they dug out of a victim from the orland gay night club shooting!
img/49360.png,0,0,0.0013199534,1,1,who wants ice cream me me me
img/87034.png,0,0,0.0018577299,0,0,you don't need a parachute to go skydiving twice you need a parachute to go skydiving twice
img/06123.png,1,0,0.002151933,0,1,a group of men
img/17028.png,1,0,0.003322649,0,0,"feeling bored, let's go to a mosque"
img/42903.png,0,0,0.039711982,0,1,those stupid basterds thought it was a real shower
img/71680.png,1,0,0.024864541,1,1,muslim strip club
img/24135.png,0,0,0.016713621,0,1,good night keep your butthole tight
img/32875.png,0,0,0.004339425,0,1,if he wears number one he's most likely the fastes on the team
img/79085.png,1,0,0.0009444756,0,0,today we are making vegetable soup
img/61872.png,1,0,0.0022982745,0,1,don't be a fool it is a bomb
img/30579.png,0,0,0.011983265,0,0,white power!
img/62504.png,0,0,0.03951434,0,1,we've taken this country! now fuck off! we're taking it back!
img/43810.png,1,0,0.0038309856,0,1,how to cook turkey in usa how to cook turkey in romania
img/19730.png,1,0,0.0013801095,0,0,jamal is practicing for class sport
img/37420.png,0,0,0.1662676,0,0,like lebanon terrorism can destroy a beautiful country
img/82509.png,0,0,0.017098816,0,0,72 virgins are ready to get fucked up
img/96284.png,1,0,0.001986734,0,0,welcome to melbourne
img/97068.png,1,0,0.0049316427,1,0,these hitler jokes are rude anne frankly i don't care
img/03214.png,0,0,0.001846358,0,1,bartender: how about a nice 12 yr old? him: boy or girl?
img/23810.png,1,0,0.0021505572,0,1,these aren't people
img/91836.png,1,0,0.0126924245,0,1,one of my 5 boyfriends slept with another girl i'll never trust men again!
img/05126.png,1,0,0.0024131911,1,1,can you smell what the reich is cooking
img/76092.png,0,0,0.018978028,0,1,everybody is afraid of gangs
img/64072.png,1,0,0.054126084,0,1,trump said immigrants come here to steal your wife is a great example she stole my speech
img/91058.png,1,0,0.29187846,1,1,get in loser we're invading poland
img/21643.png,0,0,0.0028297876,0,1,haha pig man is peeing standing up
img/19523.png,0,0,0.02685856,0,0,they see them rollin.... they hating..
img/32691.png,1,0,0.0026418965,0,0,this is how muslims celebrate new year
img/87169.png,1,0,0.047394283,0,1,albanians talking photo with a porn star
img/92738.png,1,0,0.0014289436,0,1,"they are the best in basketball because they can steal, shoot and run"
img/53027.png,0,0,0.0012047477,0,1,putting bows on your pet
img/27195.png,0,0,0.0018077942,0,1,there's a reason we keep the beer in the bottom of the cooler
img/43910.png,1,0,0.0021764776,0,0,i just started a company selling landmines that look like prayer mats prophets are going through the roof
img/05213.png,0,0,0.1445793,1,1,the families of the hillsborough tragedy were denied legal aid.... but shamima begum gets it to fight for her uk citizenship our system is a sick joke! - martin costello
img/73945.png,0,0,0.00666684,0,1,jamal is holding a gun
img/56207.png,1,0,0.0010888749,0,1,we broke up but she said we could still be cousins
img/68459.png,1,0,0.0015426759,0,1,family trip in mexico
img/63175.png,0,1,0.9888144,1,1,"if i was uncircumcised i'd hide candy in my dick skin so when a girl about to suck me up, she has a pleasant surprise.. oh my god, skittles"
img/82945.png,0,0,0.024373695,0,1,be careful who you call ugly in highschool
img/34975.png,0,1,0.50391537,1,1,what if the only reason mary got pregnant... is because god is gay and needed a surrogate
img/61973.png,1,0,0.0025746587,0,1,what do alcoholics and necrophiliacs have in common they both love to crack open a cold one.
img/16420.png,0,0,0.0016812667,0,1,abnormal vs normal
img/73069.png,1,1,0.98903394,0,0,immigration invasion learn the difference
img/47056.png,1,1,0.9946503,0,1,illegal aliens are not welcome
img/56428.png,0,0,0.006126865,0,0,if the shocker don't rock her spock her
img/54206.png,0,0,0.0054843724,0,1,you can smell disgust and hate from this photo
img/93172.png,0,1,0.56399655,0,0,this is a terrorist
img/56980.png,0,0,0.0012905987,0,1,coffee isn't helping get the jumper cables
img/79615.png,0,0,0.008899422,1,1,what women think men want what men really want
img/38047.png,0,1,0.9552503,0,0,"""stupid bitch"" is not a race"
img/94560.png,1,0,0.0007930494,0,0,and for my next class project!
img/96250.png,0,1,0.92424494,0,0,i'm going home i'm russian
img/28951.png,0,0,0.0023963866,0,1,if the brim of your hat is flat and has a sticker on it i automatically assume you're a complete tool
img/27614.png,0,0,0.0020585614,0,1,maybe if you think before you act you'd be treated better
img/04857.png,1,1,0.5524845,1,1,...even the dumb jews know that! trump is a racist.
img/79603.png,1,1,0.9703293,1,1,its friday cunts lets get on the gas
img/26985.png,1,0,0.0027950492,0,1,i just heard my girlfriend is pregnant
img/14873.png,1,0,0.007929517,0,1,human dna found in ancient goat carcass scientists believe this is first proof muhammad existed
img/54893.png,0,0,0.0019608731,0,1,"old people at weddings always poke me and say ""you're next."" so, i started doing the same thing to them at funerals"
img/48236.png,0,0,0.0043776,0,1,that blood you donated could be in someone's boner right now
img/74908.png,0,0,0.0029693805,1,1,she is condemning shooting the gorilla
img/96472.png,1,0,0.011983265,1,0,white power!
img/89430.png,0,0,0.002232882,0,1,when you know you don't have to jackoff tonight
img/76921.png,1,0,0.0014666211,0,1,she probably asked a wrong question
img/68409.png,1,0,0.0027434889,0,1,for the last time im not michelle obama
img/16354.png,1,0,0.03951434,1,0,we've taken this country! now fuck off! we're taking it back!
img/69548.png,1,0,0.005195102,1,1,"wait, mohammad come back i didn't mean to laugh, really size dosen't matter to me lol"
img/01456.png,1,0,0.027356394,1,0,they see them rollin..... they hating..
img/17950.png,0,0,0.0018017046,0,1,"i was excoriated for a harmless ""tweet"" and ""my show"" was cancelled"
img/76295.png,0,1,0.99686265,1,1,islamic extremist planning new project
img/42580.png,1,0,0.012614754,1,1,jack and jill went up the hill so jack could lick her candy but jack got a shock and a mouthful of cock cause jills real name was randy
img/96180.png,1,0,0.0012047477,0,1,putting bows on your pet
img/98701.png,1,0,0.0011808622,0,1,oh no i can't steal anymore
img/15243.png,0,0,0.0012817724,0,1,4 am. everyone is asleep perfect time to run from one end of the house to the other at full speed as loudly as possible
img/41058.png,0,1,0.840376,1,1,john wilkes booth be like: yall sure abraham lincoln dead? he aint up here
img/62375.png,1,1,0.98244226,1,1,im not saying i'm racist im just saying all muslims are terrorists
img/63507.png,0,0,0.0022077984,0,1,evolution from peeling bananas to busting caps
img/31208.png,1,0,0.007875566,0,1,maybe if we weren't consistent sources of crime we'd be treated better
img/62319.png,1,0,0.0048114494,1,1,"america in 2045 ""grandpa...why didn't you stop them?!"""
img/68253.png,1,0,0.008527655,1,1,free blanket maybe white man not so bad after all
img/34687.png,1,0,0.0020678602,0,1,everyone is afraid of dark
img/34209.png,0,0,0.0014214605,0,1,how about a nice 12 yr old? bartender: him: boy i would love that
img/39827.png,1,0,0.27596274,1,1,kick them out of country
img/46920.png,1,1,0.99522156,1,0,we want sharia law !! well.... go home
img/84273.png,0,0,0.0016893599,0,0,when you're the reason for the company safety video
img/39018.png,0,0,0.008835658,0,1,"she said ""i want a ring"" i said ""bitch take your phone off silent!"""
img/54780.png,1,0,0.0020867097,0,1,travel size coffee maker
img/69150.png,1,0,0.007817494,1,1,"""white privilege the privilege of being called ""racist"" by other people who see nothing else about you except the color of your skin"
img/29843.png,0,0,0.052629553,0,0,the world's most wanted terrorist obama bin lying
img/19385.png,0,1,0.998845,0,1,rose's are red violet's are blue little stupid ass bitch i ain't fuckin witchu
img/64510.png,0,0,0.103879675,1,1,mohammad won the contest in putting underwear on goats
img/47103.png,0,0,0.008580064,0,0,maybe we weren't consistent sources of crime we'd be treated better
img/61038.png,0,0,0.0033933548,0,1,no wonder why the pipes are not working
img/71620.png,1,0,0.0010802879,0,1,we are returning our broken coffee maker
img/91602.png,0,0,0.0017348463,0,1,upper downer
img/30145.png,0,0,0.020330802,0,0,"before my presidency, there was no isis. there was no caliphate there was no blm. there was no antifa. there was no war on police i built that"
img/91756.png,1,0,0.0016812667,0,1,abnormal vs normal
img/63745.png,1,0,0.010407107,1,0,we could destroy all of them but we let some of them survive so you know why we did it
img/47162.png,1,0,0.036457215,0,1,what do these two have in common? they both are good at sucking they both come with a bag
img/59806.png,0,0,0.1305855,0,0,"on tuesday, november 3, 2020, we make america great again  by voting this nightmare out of office!"
img/07135.png,1,0,0.003275415,0,0,this is the greatest news manufacturing in 20th century
img/35497.png,0,0,0.0019608731,0,1,"old people at weddings always poke me and say ""you're next."" so, i started doing the same thing to them at funerals"
img/84362.png,0,0,0.0011299907,0,1,unleash the inner beast on the field
img/84015.png,1,0,0.0014383476,0,1,my irony meter just exploded
img/87251.png,0,0,0.0044266754,1,1,i love apes they are both ugly and cute
img/82590.png,1,0,0.0026752504,1,1,burning them was a great public service
img/59738.png,1,0,0.0059934426,0,1,what's the difference between a refugee and e.t e.t learned english and wanted to go home
img/35470.png,0,0,0.004556356,0,1,can you smell what the reigh is cooking
img/72061.png,1,0,0.0014723031,1,1,i like my rice crispy please
img/03524.png,1,1,0.68049914,1,1,terrorist can come to this country way to easy
img/86170.png,1,0,0.003704957,0,1,how to keep the thefts out
img/50841.png,0,1,0.99553937,0,1,give them what they deserve kill them all
img/46087.png,0,0,0.23811653,0,1,give that man a suicide
img/42058.png,0,0,0.004220876,0,1,for lunch vlad the impaler loved turkey
img/01967.png,0,0,0.0048134085,0,1,when you decide to stop racism by burning its symbol
img/54930.png,1,0,0.03008415,1,0,not all muslims are isis! some are al-qaida the rest are taliban
img/38076.png,1,0,0.290227,0,1,"""he's a squirter"" doesn't sound as sexy when you are gay"
img/38910.png,1,0,0.0022170024,1,1,oh boy i sure love being muslim in the new zealand city of christchurch on march 15
img/06723.png,1,0,0.0012015846,0,1,the hardest part to eat in a vegetable
img/02157.png,1,0,0.0075305086,1,1,"mohammed i'm pregnant.... don't sass me, you know it's funny! ~cupcakes"
img/62948.png,1,0,0.0018404847,1,1,"black lives matter >""how"",""why""and ""to whom"" is unclear"
img/21075.png,0,0,0.004532283,0,0,size of a shuttle bus legroom of a pinto
img/73601.png,1,0,0.00368357,0,1,when you are white and stole your first bike
img/32579.png,0,0,0.003907627,0,0,come to the dark side we have weed
img/21567.png,1,0,0.0034261572,1,1,our dad is a potato farmer
img/01765.png,1,1,0.98966646,1,1,"after a girl dies, what organ in her body stays warm? my dick"
img/53172.png,0,0,0.0034703065,1,1,straight outta the oven step one :turn on the gas
img/32568.png,1,0,0.01816726,1,0,america taught us how to be happy slaves the same way school teach us how to be happy employees
img/01742.png,0,0,0.0009924461,0,1,in just one hour from now i'll only have 4 hours left until i have to work a mere 3 hours
img/56098.png,1,0,0.0013871896,1,0,"i said ""a glass of juice""."
img/78612.png,0,0,0.0050305068,0,1,go see fifty shades darker in theaters alone and throw mayonnaise at couples in the dark
img/34018.png,1,1,0.9504436,0,1,fuck the catholics fuck the catholic church fuck the pope
img/53609.png,0,0,0.0013837663,0,1,"when your friend insists on paying for dinner but you still want to contribute - just the tip, come on... let me"
img/89362.png,1,0,0.0024416582,1,1,has extra chromosome probably stole it
img/80426.png,1,0,0.0016416548,0,1,a talking ape
img/83045.png,1,0,0.0018896546,0,0,"so much trash, we need a garbage collector"
img/61503.png,0,0,0.002382279,1,1,someone else used kids to push an agenda
img/41890.png,1,0,0.016723981,0,1,house of pedophile
img/52091.png,1,0,0.0057506664,0,1,"women ask for equal rights, so i give them equal lefts aswell"
img/24396.png,1,1,0.59105915,1,1,"so like, why are men even gay? girls have buttholes too you know."
img/72168.png,1,0,0.0017348463,1,1,upper downer
img/85761.png,1,0,0.0033933548,0,0,no wonder why the pipes are not working
img/35719.png,0,0,0.0013801095,0,1,jamal is practicing for class sport
img/90256.png,1,0,0.0103487065,1,1,"whenever you feel stupid, remember there are people who throw stones at a wall! aiming for an invisible devil, told by an invisible god for an invisible heaven!"
img/20984.png,0,0,0.00368357,0,1,when you are white and stole your first bike
img/95086.png,1,1,0.99683386,1,1,novaky concentration camp these jews can claim holocaust pensions
img/49028.png,0,0,0.027985292,1,1,i finally found my girlfriends g-spot turns out it was in her sister the whole time
img/18356.png,0,0,0.0014064609,0,1,i took a shower this morning
img/52634.png,0,1,0.8047009,0,1,the secret to a successful marriage is to keep his stomach full and his balls empty
img/80512.png,1,1,0.5172261,0,1,"you can make jokes about anything, just not illegals that's crossing the border"
img/62703.png,0,0,0.0063739503,0,1,they shot the wrong gorilla
img/95176.png,0,0,0.015857367,0,0,notice how the kenyan skidmark has been silent about the mueller report?
img/27384.png,0,0,0.017189723,0,1,that face you make when you're a bully and just got beat up by a girl
img/82437.png,1,0,0.003548037,0,1,we should learn from ocean how to treat refugees
img/26943.png,1,0,0.0037317968,0,1,my incesters built this country!!!!
img/09152.png,0,0,0.0038193695,0,1,"i don't have ex's. i have y's. like, ""y the hell did i date you?!?"""
img/07429.png,1,0,0.005408957,1,1,i'm about to have my 5th abortion fuck you batman i'm the real crime fighter
img/75639.png,1,0,0.001301341,1,1,changing every single country it touches
img/46812.png,0,0,0.009238117,0,1,goat meat is very popular in islamic countries
img/63827.png,1,0,0.00123183,0,1,teacher of the year for black community
img/41276.png,1,0,0.0022077984,0,1,evolution from peeling bananas to busting caps
img/56413.png,1,0,0.0026595653,1,1,feeling cute might shoot a darkie later idk
img/69512.png,0,0,0.0026924105,0,0,happy birthday you sexy beast
img/43175.png,1,0,0.004827893,1,1,when was the last time you saw so many mentally ill people on the streat
img/54129.png,0,0,0.0047024256,0,1,dump pipe to the ocean
img/23645.png,1,0,0.0016504129,0,1,what do they have in common? you enjoy pushing them down the stairs
img/89425.png,1,0,0.020905297,0,1,hello chocolate paradise princess i'm albert
img/16923.png,1,0,0.007820109,0,1,do you like goat anus? smell my finger
img/04769.png,1,1,0.9728046,0,1,"if she's pouting like this and you don't immediately drop the argument , motherfucker you gay"
img/69815.png,1,0,0.0016145525,0,1,thank you for allowing me into your country now we need to talk about the things that need to change around here to accommodate my beliefs
img/91468.png,0,0,0.2975399,1,1,"you want a whore? buy one. you want a queen? earn her. you want a nickel bag? fifteen bucks, little man"
img/52104.png,0,1,0.9809075,1,1,"lebanon: before islam after islam but don't worry! after islam takes over, there'll be a golden age... apparently"
img/52031.png,0,0,0.0015326353,0,0,theriously?? that's methed up!
img/08795.png,0,0,0.002768516,0,1,when you are white and working in oil field
img/50317.png,1,1,0.99460137,0,0,what in the hell is wrong with america voting towel heads into congress
img/73914.png,1,0,0.024373695,0,1,be careful who you call ugly in highschool
img/03197.png,1,0,0.002170048,0,1,i'm no bird expert but i'm guessing it's 4 females and 1 male
img/49621.png,0,0,0.005195102,1,1,"wait, mohammad come back i didn't mean to laugh, really size dosen't matter to me lol"
img/68530.png,1,0,0.0018803002,0,1,a fast sandwich maker
img/98547.png,0,0,0.0042437245,1,1,waves mexican flag doesn't want to live in mexico
img/03519.png,1,1,0.92424494,0,1,i'm going home i'm russian
img/43698.png,0,0,0.0070265085,0,0,don't be late for work get the protestor plow
img/84756.png,1,0,0.0028346477,0,0,when you ask the kid that misses class a lot why he is bald and he starts crying all right. then keep vour secrets
img/93051.png,0,0,0.0007930494,0,0,and for my next class project!
img/68257.png,0,0,0.0020678602,0,1,everyone is afraid of dark
img/12834.png,1,0,0.0071580224,0,1,"in west philadelphia, born and raised in the anus is where i got most of my aids"
img/57208.png,0,0,0.00181535,0,1,i had potato for lunch
img/26439.png,0,0,0.0011380622,0,1,parental opioid use has negative effect on children's intelligence
img/53769.png,0,0,0.0016915705,0,0,in 1979 jimmy carter created the department of education since then the u.s. has gone from 1st to 17th in education
img/28406.png,0,0,0.0019684802,0,0,when she gives you that look
img/53418.png,0,0,0.29520118,0,1,a real man loads the dishwasher every night
img/10785.png,1,0,0.005046939,0,1,"time to put the ""panic"" back in hispanic"
img/84302.png,0,0,0.002584943,0,1,why do we share more when these people are hurt but not these people
img/76015.png,0,0,0.00082408905,0,1,everyone celebrates christmas !
img/34189.png,0,0,0.00077892473,0,0,fight for what you believe in fight for the future
img/52079.png,0,0,0.0019856014,0,0,just bought a house! now we're house-poor
img/63987.png,0,0,0.0018245252,0,1,the migrant caravan arrives!
img/73526.png,0,0,0.0012343387,0,1,"if she's still making noises, you didn't hit her hard enough"
img/02145.png,0,0,0.0012733896,0,0,"and then i asked mom, what's for dinner?"
img/84102.png,0,0,0.0036968447,0,1,the definition of utter disgust in plain black and white
img/32981.png,0,0,0.0026426415,0,1,the latest and greatest. a truck that comes with a dishwasher!
img/73605.png,0,0,0.0010549186,0,0,no matter what smile
img/07382.png,1,0,0.002957149,1,1,wouldn't be the last time those people used the oven this way
img/64071.png,0,0,0.0014809747,0,1,when you have someone to help and take care of you what could happen if you didn't
img/80912.png,0,0,0.0012420334,0,0,mr obama it is an honor
img/84762.png,1,0,0.0033197715,0,1,do you know how to turn your dishwasher into a snowblower? throw em a shovel
img/39076.png,0,0,0.0031265307,0,1,playing with the monkeys in thailand
img/85679.png,1,0,0.0012420334,0,1,mr obama it is an honor
img/38095.png,0,0,0.006504273,0,1,haters will say it's photoshop
img/52394.png,0,0,0.0012963678,0,0,i forgot what are we fighting over again?
img/14865.png,0,0,0.0035807618,0,1,"terrible as hitler was, he did enjoy watching sports"
img/54819.png,0,0,0.0020626571,0,1,beauty shot of girlfriends focusing on different thoughts and ideas
img/46082.png,0,0,0.0014970447,0,0,the future of the democratic party
img/73962.png,1,0,0.002907929,0,1,you should treat that the way you treat you vacuum cleaner when it stops sucking change the bag
img/78462.png,0,0,0.0041339113,0,0,"in the last days there will be scoffers, ridiculers, deniers and mockers following after their own lusts"
img/49805.png,0,0,0.027307214,0,1,imagine being so disgusting there have to be laws to try to stop normal people from hating you
img/24098.png,1,1,0.99653304,0,1,thanksgiving in china
img/67435.png,1,0,0.0036726242,1,1,when you ask a jewish girl for her number and she starts rolling her sleeve
img/60893.png,0,0,0.0039466587,0,0,"busy, like a hive of bees, controlling what your family sees and edits all the news your hear so you'll know what to think and fear till all the truth there is, is gone. that is unless you stand, en masse. """
img/93148.png,0,0,0.014242878,0,1,the proper way to pop a blackhead
img/07351.png,0,0,0.0024658628,0,0,"""plays uno steals all the green cards"""
img/16850.png,0,0,0.0042007114,0,0,okay okay okay here's my serious face do i look fuhrerious yet?
img/96312.png,0,0,0.00083796465,0,1,when you support your little one every step of the way
img/86195.png,0,0,0.0017270704,0,0,dolled up and rolling with the gang like
img/84162.png,0,0,0.0127601065,0,1,i could have killed all of them. but i let some of them survive so you know why i killed them
img/12067.png,0,0,0.0031139734,0,1,pre-heat to 350 degrees
img/05938.png,1,0,0.012010497,1,1,in the muslim world all gay men are well hung
img/43092.png,0,1,0.5082233,0,1,pretty much sums up islam
img/30148.png,1,0,0.0013796114,0,1,you mean i don't have to pick it?!?
img/12045.png,0,0,0.0010373782,0,0,learn to hunt. it's a valuable skill
img/92068.png,0,0,0.00647798,0,1,still better than mexican
img/73021.png,0,0,0.17806149,0,1,when mom asks where all the jews went
img/56241.png,1,0,0.002811368,0,1,94% of them test positive for rh blood type which means they have monkey blood as a result they are born with a tail and other animal traits
img/28905.png,1,0,0.0017051747,1,1,"hey, i just met you and this is crazy but here's your number.. so camping, maybe?"
img/13750.png,0,0,0.002957149,0,1,wouldn't be the last time those people used the oven this way
img/06582.png,1,1,0.8664915,1,1,they are terrorists anyone who doesn't agree is an idiot
img/75142.png,0,0,0.0033878959,0,1,"you should treat that the way you treat your vacuum cleaner, when it stops sucking change the bag"
img/56149.png,0,0,0.0022493682,0,1,the original scarecrow
img/41796.png,0,0,0.0018327781,0,1,nein danke i'm very happy with my gas supplier
img/31570.png,1,0,0.0044923923,0,1,"busy, like a hive of bees, controlling what your family sees and edits all the news your hear so you'll know what to think and fear till all the truth there is, is gone that is unless you stand, en masse. """
img/01726.png,1,0,0.29520118,0,1,a real man loads the dishwasher every night
img/23785.png,0,0,0.0049320874,0,1,hansel and gretel was a scary childrens story
img/56473.png,0,0,0.0022891457,0,1,knows about you. your family your children everything
img/62970.png,0,0,0.0025178539,1,1,if you want to know how they were treated illustration of man with four slaves chained together
img/41035.png,0,0,0.008035379,1,1,my new muslim girlfriend not much to look at
img/10285.png,1,0,0.004265943,0,1,you are what you eat meanwhile in africa
img/95604.png,1,0,0.002002708,0,0,"they want to be accepted for who they are, yet theren't able to accept themselves for who they are"
img/68401.png,0,0,0.0055851396,1,1,when you date an asian boy and you trynna get his family to accept you
img/50984.png,0,0,0.0022846826,0,1,a cat in a pot
img/17908.png,0,0,0.0009984757,0,1,making a quick 3pm snack
img/42631.png,1,0,0.006541405,1,1,i believe they are like racism just shouldn't exist
img/61349.png,1,0,0.014242878,0,1,the proper way to pop a blackhead
img/65093.png,0,0,0.007167843,0,0,cookie kunty seen in paris
img/86357.png,0,0,0.007846643,0,1,apparently not erdogan
img/74965.png,0,0,0.0027703082,0,1,some people some other people
img/75918.png,0,0,0.0024535358,0,1,a picture of my great great great grand grandfather's tractors they don't make them like they used to
img/14975.png,0,0,0.0042066723,0,0,hitting is a crime. it's about time people understood that
img/92317.png,0,0,0.0039873947,0,0,"you either die a hero, or live long enough to become the villain"
img/19536.png,1,0,0.0050468384,0,1,when your jewish friend smells a stash of coins in public
img/90236.png,0,0,0.0008825159,0,1,voila! fresh batch of baked goods !
img/30642.png,0,0,0.0012358302,0,1,rabbi sitting in synagogue chillin and doing his thing
img/59206.png,0,0,0.0023897805,0,1,traveling through chimney
img/19075.png,0,0,0.0014629449,0,1,when you smell cake
img/79042.png,0,0,0.0050515383,0,1,the door to the crematorium and gas chambers are closed
img/98720.png,0,0,0.013830038,1,1,when your wife just died giving birth to your daughter and you're alone in the room with your naked just born daughter
img/02634.png,1,0,0.0022728753,0,1,and just like that... this sandwich maker doubles as an ironing board
img/84107.png,0,0,0.0017213746,0,1,i ordered a dishwasher and they sent me a sandwich maker
img/07198.png,1,0,0.0026145256,1,1,islam is a religion of peace stop criticizing my religion
img/45702.png,1,0,0.0012343387,0,1,"if she's still making noises, you didn't hit her hard enough"
img/46085.png,0,0,0.0042221025,0,1,city workers repair statue cover it up with black sheet
img/08451.png,0,0,0.0036726242,1,1,when you ask a jewish girl for her number and she starts rolling her sleeve
img/73482.png,0,0,0.0020496314,0,0,it's time we took guns away and put them out of the reach of our children
img/28017.png,1,0,0.0024779143,1,1,say it! say it ! islam is the religion of peace
img/02364.png,0,0,0.0034632192,0,0,"a jewish shop owner, wears a kippah or yarmulke whilst in his shop in tehran"
img/42538.png,0,0,0.0013109097,0,1,and at that moment everything else in the world just melted away
img/47183.png,0,0,0.007559781,0,0,taking the liberals to a whole new level
img/72904.png,1,0,0.09208579,0,0,terrorist trojan horse enemy of the state
img/90243.png,1,0,0.0019381229,1,1,"best gamer ever 6 million kills, 1 death"
img/41382.png,0,0,0.002002708,0,1,"they want to be accepted for who they are, yet theren't able to accept themselves for who they are"
img/78156.png,0,0,0.0013796114,0,1,you mean i don't have to pick it?!?
img/74250.png,0,0,0.0027189197,0,1,white kids kids dreaming about their first day of school
img/97132.png,0,0,0.012010497,1,1,in the muslim world all gay men are well hung
img/35840.png,1,0,0.0017213746,0,1,i ordered a dishwasher and they sent me a sandwich maker
img/78134.png,0,0,0.0041044354,0,1,in other countries in pakistan
img/93620.png,1,0,0.0041044354,0,1,in other countries in pakistan
img/57369.png,0,0,0.002894198,0,1,lose 15 lbs with this 1 simple trick photoshop
img/10362.png,1,0,0.0135377,1,1,german british danish austrian diversity. apparently we don't have it and these guys do: iraqi pakistani syrian egyptian
img/36058.png,0,0,0.001026087,0,0,love is love
img/09467.png,1,0,0.17806149,1,1,when mom asks where all the jews went
img/60183.png,1,0,0.0018327781,1,0,nein danke i'm very happy with my gas supplier
img/47263.png,1,0,0.0031139734,0,1,pre-heat to 350 degrees
img/18726.png,0,0,0.0017169833,0,1,when your bed is short and your feed stick out
img/50379.png,0,0,0.0033197715,0,0,do you know how to turn your dishwasher into a snowblower? throw em a shovel
img/06352.png,0,0,0.0016171288,0,1,"and then i asked mom, can we go play?"
img/58093.png,0,0,0.0016919321,0,1,i treat them like java treats its generic parameters at run time as objects
img/19508.png,1,0,0.0036968447,1,1,the definition of utter disgust in plain black and white
img/02783.png,1,0,0.0024535358,1,1,a picture of my great great great grand grandfather's tractors they don't make them like they used to
img/41728.png,0,0,0.013428281,1,1,i believe they are like racism. just shouldn't exist
img/51306.png,0,0,0.0015446631,1,1,eat some cookies you're not yourself when you're hungry
img/50241.png,1,1,0.99175525,0,1,"bitches be like no weave, no makeup, no lashes, no eyebrows"
img/49650.png,1,0,0.0012733896,0,1,"and then i asked mom, what's for dinner?"
img/17045.png,0,0,0.00089498097,0,0,celebrating the presidential election
img/89536.png,0,0,0.0015764659,0,0,so many lives lost because of this man
img/26187.png,1,0,0.0009520321,1,1,i love my slow cooker
img/74906.png,1,0,0.0025620866,0,1,are you a boy or a girl i'm non binary
img/28190.png,1,0,0.0010358138,0,0,when finishing a race is your passion
img/89642.png,1,0,0.0016919321,0,1,i treat them like java treats its generic parameters at run time as objects
img/59170.png,0,0,0.0022728753,0,1,and just like that... this sandwich maker doubles as an ironing board
img/30927.png,0,0,0.00075859716,0,0,doesnt let anything stop her have a great day
img/32049.png,0,0,0.01884927,1,1,"german british danish austrian diversity. apparently we don't have it and these guys do: iraqi, pakistani, syrian, egyptian"
img/95173.png,0,0,0.004290593,0,1,take the third reich and then the first left?
img/50198.png,0,0,0.0033424336,0,1,you don't need cocaine to be happy
img/37658.png,1,0,0.002580076,1,1,when your dishwasher is broken so you take it back to walmart to get a new one
img/95613.png,1,0,0.0043345136,0,1,what a weird way to spell fat and single
img/43805.png,1,0,0.0022493682,0,1,the original scarecrow
img/18306.png,1,0,0.0027189197,1,1,white kids kids dreaming about their first day of school
img/46518.png,1,0,0.087875724,1,1,"it's the goat humper, looks like a bunch of pigs just walked over your grave"
img/18547.png,1,0,0.0024894564,0,0,1st day of 4th grade sandy hook elementary school
img/02518.png,0,0,0.0020396402,0,1,when the dog bites you and you bite back to assert dominance
img/04621.png,0,0,0.004265943,0,1,you are what you eat meanwhile in africa
img/98543.png,1,0,0.0017348463,1,1,upper downer
img/85621.png,0,0,0.02713681,0,1,"no, that's not his daughter... that's his wife! yet the world is silent.."
img/18367.png,0,0,0.0009520321,0,1,i love my slow cooker
img/84036.png,0,0,0.0046619643,1,1,militant dressed as martyr
img/86417.png,1,0,0.0127601065,1,1,i could have killed all of them. but i let some of them survive so you know why i killed them
img/92567.png,0,0,0.00085201283,0,0,pray for peace pray for wellbeing
img/63921.png,0,0,0.00079959276,0,0,taking a photo with family
img/72864.png,1,0,0.0023897805,0,1,traveling through chimney
img/30586.png,0,0,0.0028711723,0,1,just can't get rid of the stain. this is why i hate beets
img/83264.png,1,0,0.0013924297,1,1,randomly deciding to bake something
img/93041.png,0,0,0.0012870107,0,1,"""who's gonna make the sandwiches? what do we do with all these sandwiches?"""
img/97305.png,1,0,0.013830038,1,1,when your wife just died giving birth to your daughter and you're alone in the room with your naked just born daughter
img/03568.png,0,0,0.0050486755,0,0,time to play rich vs the constitution
img/07653.png,1,0,0.03746278,1,1,"in the last days there will be god hating scoffers, ridiculers, deniers and mockers following after their own lusts"
img/26397.png,0,0,0.001998829,0,1,there are still parts of the world where people celebrate capital punishment
img/03217.png,0,0,0.0034651847,0,1,"they are like sperm you get millions, but only one works"
img/40618.png,0,0,0.0016275826,0,1,when your company valuation hits 1 billion
img/67208.png,0,0,0.0031246229,0,0,does nike also sell stones in case they take it off?
img/03798.png,0,0,0.0017229813,0,0,"hey, i just met you and this is crazy but here's your number... so camping, maybe?"
img/12468.png,0,0,0.0024779143,0,1,say it! say it ! islam is the religion of peace
img/16842.png,0,0,0.0022806048,0,1,every kitchen needs a sandwich maker just like this one
img/68043.png,1,0,0.0020483336,1,1,plays uno steals all the green cards
img/51807.png,0,0,0.0025620866,1,0,are you a boy or a girl i'm non binary
img/78914.png,0,0,0.09208579,0,0,terrorist trojan horse enemy of the state
img/47950.png,0,1,0.92691606,0,0,"democrats ilhan omar alexandria ocasio-cortez ayanna pressley rashida tlais we're new, bold, and we hate you! we hate whites, jews, christians, conservatives, republicans,"
img/95487.png,0,0,0.001117253,0,0,watching vegetables grow
img/49260.png,0,0,0.023303235,0,1,it's the goat humper looks like a bunch of pigs just walked over your grave
img/20861.png,1,1,0.5082233,1,1,pretty much sums up islam
img/38914.png,0,0,0.0011016142,0,1,cotton candy is what makes the theme park wonderful
img/47016.png,1,0,0.0030066432,0,1,"last summer camp was so ""lit"""
img/14389.png,1,1,0.9434227,0,0,"democrats we're new, bold, and we hate you! alexandria ocasio-cortez rashida tlais ilhan omar ayanna pressley we hate whites, jews, christians, conservatives, republicans"
img/35487.png,0,0,0.0013924297,0,1,randomly deciding to bake something
img/84150.png,0,0,0.0050468384,1,1,when your jewish friend smells a stash of coins in public
img/13809.png,1,0,0.0015779886,0,1,doing o's with the smoke
img/50261.png,1,0,0.006504273,0,1,haters will say it's photoshop
img/75286.png,1,0,0.0021669383,0,1,look at this sandwich maker club i found on wish on clearance
img/64312.png,1,0,0.028858824,1,1,"no, that's not his daughter.. that's his wife! yet the world is silent.."
img/67103.png,1,0,0.00647798,1,1,still better than mexican
img/18059.png,1,0,0.0034651847,1,1,"they are like sperm you get millions, but only one works"
img/90643.png,0,0,0.0010114107,0,0,she represents the new wave of democrats
img/16749.png,0,0,0.0020760326,0,0,broken dishwasher
img/37814.png,0,0,0.01938868,0,1,this is el paso shooter's father every. single. time
img/92046.png,0,1,0.8664915,0,0,they are terrorists anyone who doesn't agree is an idiot
img/90843.png,0,0,0.005046939,0,1,"time to put the ""panic"" back in hispanic"
img/85237.png,0,0,0.0061059427,0,0,these are all the weapons that were seized from isis
img/98235.png,0,0,0.0013346226,0,0,fashion forward !
img/90267.png,0,0,0.0021098163,0,1,i've been driving this baby for years the mileage isn't great but still gets the job done
img/48296.png,1,0,0.0055851396,1,1,when you date an asian boy and you trynna get his family to accept you
img/29174.png,0,0,0.002718414,1,1,the crimes against humanity should not be swiftly forgotten
img/65801.png,0,0,0.0035451136,0,0,first friday prayers of the islamic holy day
img/91763.png,1,0,0.027307214,1,1,imagine being so disgusting there have to be laws to try to stop normal people from hating you
img/94387.png,0,0,0.00260744,0,1,i'm a fan of the color black on you although the rose gold looks pretty good as well
img/80947.png,1,0,0.008035379,1,1,my new muslim girlfriend not much to look at
img/78251.png,1,0,0.001117253,0,1,watching vegetables grow
img/94738.png,0,0,0.0018273097,0,0,shopping is boring. why not have some fun at the walmart parking lot?
img/57823.png,0,1,0.9899102,0,1,"bitches be like no weave, no makeup, no lashes, no eyebrows & no filter. all natural"
img/32415.png,0,0,0.0010358138,0,0,when finishing a race is your passion
img/05316.png,0,0,0.0015779886,0,1,doing o's with the smoke
img/61085.png,0,0,0.0017348463,0,1,upper downer
img/27498.png,1,0,0.0013267802,1,1,who's gonna make the sandwiches? what do we do with all these sandwiches?
img/37160.png,0,0,0.0020449844,0,0,"best gamer ever 6 million kills, 1 death"""
img/18742.png,0,0,0.0013975651,0,0,i'm proud of it! come at me!
img/19243.png,0,0,0.0008515088,0,1,"surprise!! wait, where is everyone?"
img/54108.png,1,0,0.0031246229,0,0,does nike also sell stones in case they take it off?
img/93528.png,1,0,0.0019704143,0,1,portable dishwasher slash sandwich maker
img/78659.png,0,0,0.0043345136,0,1,what a weird way to spell fat and single
img/67082.png,0,0,0.0024292434,0,0,"""1st day of 4th grade sandy hook elementary school"""
img/64125.png,0,0,0.0018946606,0,1,ooof. that's gotta hurt
img/41296.png,0,0,0.002811368,0,1,94% of them test positive for rh blood type which means they have monkey blood as a result they are born with a tail and other animal traits
img/53491.png,0,0,0.001427716,0,1,and in 3 days he came back to life bringing salvation
img/37692.png,0,0,0.004960621,0,1,"""islam is a religion of peace stop criticizing my religion"""
img/36201.png,0,0,0.0023779946,0,1,look at me bling up my prosthetic
img/29054.png,1,0,0.0020760326,1,1,broken dishwasher
img/06273.png,1,0,0.016526293,0,0,the jihad squad
img/25061.png,1,0,0.013750668,0,0,this is el paso shooter's father. every. single. time
img/20437.png,0,1,0.99653304,0,0,thanksgiving in china
img/05439.png,0,0,0.0019704143,0,1,portable dishwasher slash sandwich maker
img/34528.png,1,0,0.0022806048,0,1,every kitchen needs a sandwich maker just like this one
img/93541.png,0,0,0.016526293,1,1,the jihad squad
img/16704.png,0,0,0.0030066432,0,1,"last summer camp was so ""lit"""
img/48792.png,0,0,0.0025638556,0,1,leaving a trail of death and destruction
img/07528.png,1,0,0.0026426415,0,1,the latest and greatest. a truck that comes with a dishwasher!
img/01268.png,0,0,0.0010965634,0,1,father and daughter bonding time is the best like and share if you agree
img/83675.png,0,0,0.002814621,0,1,i'm gonna be like phelps one day
img/37198.png,0,0,0.0010140167,0,0,when you're so relaxed you can feel yourself go to the next level
img/48670.png,0,0,0.0021669413,0,1,look at this sandwich maker club i found on wish on clearance
img/09863.png,0,0,0.0010232349,0,1,diverse group of women
img/97320.png,0,0,0.002759451,0,1,"""when your dishwasher is broken so you take it back to walmart to get a new one"""
